doc_id	A01.pastVerbs	A03.presVerbs	B04.placeAdverbials	B05.timeAdverbials	C06.1persProns	C07.2persProns	C08.3persProns	C09.impersProns	C10.demonstrProns	C11.indefProns	C12.doAsProVerb	D13.whQuestions	E14.nominalizations	E16.Nouns	F18.BYpassives	G19.beAsMain	H23.WHclauses	H25.presPartClaus	H33.piedPiping	H34.sncRelatives	H35.causative	H36.concessives	H37.conditional	H38.otherSubord	I39.preposn	I40.attrAdj	I41.predAdj	I42.ADV	J43.TTR	J44.wordLength	K45.conjuncts	K46.downtoners	K47.generalHedges	K48.amplifiers	K49.generalEmphatics	K50.discoursePart	K55.publicVerbs	K56.privateVerbs	K57.suasiveVerbs	K58.seemappear	L52.possibModals	L53.necessModals	L54.predicModals	N59.contractions	N60.thatDeletion	N61.strandedPrep	P66.syntNegn	P67.analNegn
19C_AgnesG_nonquotes	0.04108	0.02109	0.00300	0.00414	0.05286	0.00094	0.04994	0.00850	0.00903	0.00219	0.00315	0.00824	0.01772	0.12625	0.00152	0.01068	0.00944	0.01654	0.00079	0.00287	0.00066	0.00118	0.00281	0.00109	0.09689	0.06612	0.00026	0.05733	0.47745	4.05842	0.05928	0.00300	0.00000	0.00311	0.00125	0.00429	0.00747	0.01296	0.00140	0.00133	0.00612	0.00311	0.00577	0.00474	0.01727	0.00103	0.00071	0.01058
19C_AgnesG_quotes	0.01642	0.03555	0.00173	0.00486	0.05479	0.03355	0.04214	0.01450	0.00987	0.00335	0.00779	0.01318	0.00892	0.08785	0.00038	0.01706	0.01028	0.00881	0.00034	0.00132	0.00056	0.00087	0.00700	0.00079	0.06658	0.05441	0.00041	0.06247	0.41316	3.60871	0.07565	0.00335	0.00015	0.00354	0.00267	0.00877	0.00670	0.02237	0.00132	0.00072	0.01062	0.00580	0.01555	0.02726	0.02534	0.00147	0.00079	0.02271
19C_Antoni_nonquotes	0.04466	0.01957	0.00401	0.00730	0.00249	0.00016	0.06531	0.00640	0.00931	0.00072	0.00037	0.00642	0.02915	0.16239	0.00351	0.00585	0.01200	0.01561	0.00142	0.00577	0.00001	0.00076	0.00112	0.00130	0.13321	0.07436	0.00009	0.04668	0.52591	4.44896	0.03864	0.00203	0.00000	0.00113	0.00087	0.00511	0.00264	0.00588	0.00119	0.00185	0.00223	0.00055	0.00158	0.00539	0.00777	0.00035	0.00065	0.00456
19C_Antoni_quotes	0.02234	0.02611	0.00271	0.00579	0.06962	0.02682	0.03347	0.00783	0.01154	0.00154	0.00192	0.01322	0.01617	0.13865	0.00183	0.01576	0.01336	0.00733	0.00069	0.00230	0.00036	0.00074	0.00278	0.00164	0.11024	0.04458	0.00012	0.03504	0.46174	3.96226	0.06404	0.00100	0.00000	0.00066	0.00116	0.00515	0.00337	0.01434	0.00180	0.00047	0.00475	0.00408	0.01317	0.00328	0.01460	0.00119	0.00066	0.00942
19C_Deronda_nonquotes	0.04165	0.02667	0.00292	0.00429	0.00300	0.00086	0.07190	0.00796	0.01273	0.00247	0.00130	0.01023	0.02385	0.13810	0.00170	0.01298	0.01634	0.02174	0.00145	0.00700	0.00041	0.00050	0.00253	0.00190	0.12116	0.06882	0.00027	0.04696	0.56764	4.33913	0.06421	0.00249	0.00000	0.00172	0.00124	0.00322	0.01210	0.01231	0.00154	0.00220	0.00576	0.00208	0.00472	0.00646	0.02089	0.00080	0.00022	0.00992
19C_Deronda_quotes	0.01855	0.03720	0.00243	0.00486	0.06857	0.03127	0.02997	0.01594	0.01089	0.00601	0.00518	0.01491	0.01041	0.10700	0.00053	0.02384	0.01354	0.01148	0.00023	0.00169	0.00120	0.00059	0.00492	0.00104	0.08480	0.05119	0.00050	0.04652	0.51220	3.74834	0.09397	0.00229	0.00001	0.00247	0.00169	0.00604	0.00634	0.02226	0.00150	0.00106	0.00989	0.00638	0.01529	0.01266	0.02301	0.00178	0.00027	0.02019
19C_Jekyll_nonquotes	0.05331	0.01367	0.00305	0.00638	0.03163	0.00086	0.03621	0.00934	0.01391	0.00133	0.00091	0.00700	0.01720	0.15255	0.00205	0.01191	0.01067	0.01043	0.00167	0.00448	0.00029	0.00091	0.00124	0.00086	0.11815	0.06055	0.00029	0.05445	0.50943	4.05309	0.05788	0.00224	0.00000	0.00205	0.00114	0.00453	0.00958	0.00791	0.00148	0.00181	0.00338	0.00129	0.00314	0.00372	0.01472	0.00110	0.00043	0.00557
19C_Jekyll_quotes	0.01669	0.03750	0.00188	0.00505	0.06077	0.03291	0.02210	0.02034	0.01740	0.00423	0.00458	0.01340	0.00870	0.11508	0.00059	0.02139	0.01152	0.00658	0.00035	0.00094	0.00047	0.00059	0.00647	0.00071	0.07758	0.04749	0.00024	0.05207	0.48168	3.57859	0.09004	0.00212	0.00012	0.00423	0.00223	0.00799	0.00517	0.02445	0.00353	0.00129	0.00964	0.00505	0.01058	0.01305	0.02680	0.00129	0.00059	0.01411
19C_Jude_nonquotes	0.05655	0.02242	0.00537	0.00562	0.00207	0.00117	0.08386	0.00775	0.00974	0.00185	0.00204	0.00910	0.01533	0.14466	0.00175	0.01054	0.01351	0.01945	0.00150	0.00521	0.00022	0.00153	0.00176	0.00130	0.11460	0.05983	0.00023	0.05183	0.49482	4.19465	0.05604	0.00302	0.00000	0.00131	0.00077	0.00342	0.01106	0.01118	0.00212	0.00216	0.00411	0.00123	0.00311	0.00572	0.01884	0.00105	0.00027	0.00804
19C_Jude_quotes	0.01650	0.03647	0.00252	0.00701	0.07132	0.03307	0.02871	0.01845	0.01229	0.00415	0.00890	0.01603	0.00773	0.09072	0.00065	0.02119	0.01199	0.01125	0.00018	0.00109	0.00092	0.00119	0.00477	0.00103	0.07447	0.04871	0.00035	0.06198	0.43864	3.56696	0.09090	0.00330	0.00000	0.00251	0.00164	0.00975	0.00616	0.02145	0.00188	0.00097	0.00828	0.00680	0.01245	0.03411	0.02289	0.00186	0.00050	0.02699
19C_LadyAud_nonquotes	0.05437	0.02077	0.00407	0.00295	0.00466	0.00057	0.06804	0.00588	0.01255	0.00127	0.00107	0.00694	0.01539	0.16234	0.00232	0.00855	0.01333	0.01728	0.00234	0.00698	0.00021	0.00033	0.00177	0.00099	0.11140	0.07342	0.00020	0.04326	0.48168	4.25208	0.04441	0.00242	0.00000	0.00288	0.00066	0.00200	0.00923	0.00849	0.00204	0.00120	0.00332	0.00112	0.00205	0.00847	0.01635	0.00074	0.00037	0.00515
19C_LadyAud_quotes	0.01857	0.03237	0.00267	0.00294	0.06561	0.02888	0.03596	0.01016	0.01294	0.00289	0.00511	0.01464	0.00961	0.11947	0.00095	0.01750	0.01390	0.00850	0.00080	0.00271	0.00075	0.00049	0.00542	0.00099	0.08333	0.05466	0.00037	0.04537	0.39535	3.69703	0.07256	0.00237	0.00003	0.00381	0.00165	0.00381	0.00516	0.01996	0.00185	0.00067	0.00896	0.00398	0.01220	0.02143	0.02062	0.00231	0.00023	0.01535
19C_NorthS_nonquotes	0.04929	0.02205	0.00363	0.00405	0.00550	0.00069	0.08178	0.00929	0.00921	0.00148	0.00212	0.00898	0.01493	0.12869	0.00161	0.01150	0.01219	0.01772	0.00152	0.00482	0.00038	0.00107	0.00368	0.00103	0.10605	0.06011	0.00038	0.05209	0.47781	4.05084	0.05700	0.00305	0.00003	0.00236	0.00098	0.00390	0.01191	0.01336	0.00245	0.00138	0.00540	0.00179	0.00490	0.01460	0.02092	0.00160	0.00055	0.00902
19C_NorthS_quotes	0.01615	0.03682	0.00208	0.00475	0.05985	0.02436	0.03623	0.01485	0.01037	0.00258	0.00607	0.01405	0.00780	0.10555	0.00072	0.01989	0.01236	0.01133	0.00055	0.00191	0.00075	0.00091	0.00581	0.00075	0.07872	0.05223	0.00042	0.05315	0.47757	3.60478	0.08406	0.00309	0.00011	0.00332	0.00274	0.00655	0.00682	0.02238	0.00222	0.00082	0.00917	0.00464	0.01418	0.02743	0.02398	0.00237	0.00066	0.02032
19C_Pomp_nonquotes	0.05339	0.02012	0.00429	0.00498	0.00440	0.00110	0.05477	0.00697	0.01201	0.00092	0.00054	0.00591	0.01698	0.16107	0.00256	0.00804	0.01279	0.01392	0.00207	0.00717	0.00013	0.00058	0.00119	0.00090	0.11477	0.06979	0.00020	0.04678	0.52320	4.25029	0.04145	0.00188	0.00000	0.00102	0.00102	0.00437	0.00903	0.00771	0.00070	0.00149	0.00268	0.00066	0.00142	0.00351	0.01547	0.00020	0.00049	0.00616
19C_Pomp_quotes	0.01271	0.03588	0.00218	0.00416	0.05351	0.01111	0.02848	0.01052	0.01507	0.00157	0.00224	0.01310	0.01127	0.14464	0.00072	0.01881	0.01292	0.00461	0.00106	0.00325	0.00029	0.00035	0.00350	0.00115	0.08300	0.06120	0.00028	0.04204	0.43651	3.85986	0.06813	0.00169	0.00000	0.00106	0.00118	0.00639	0.00452	0.01348	0.00143	0.00063	0.00662	0.00280	0.00937	0.00284	0.01569	0.00104	0.00052	0.01463
19C_Prof_nonquotes	0.04937	0.02165	0.00291	0.00510	0.05088	0.00188	0.04383	0.00879	0.00849	0.00141	0.00169	0.00768	0.01965	0.14413	0.00186	0.01120	0.01006	0.01398	0.00136	0.00350	0.00061	0.00097	0.00148	0.00125	0.10314	0.06830	0.00019	0.05146	0.48413	4.10151	0.05166	0.00288	0.00000	0.00260	0.00113	0.00500	0.00652	0.01194	0.00221	0.00139	0.00367	0.00151	0.00360	0.00439	0.01672	0.00095	0.00112	0.00912
19C_Prof_quotes	0.01250	0.03730	0.00144	0.00431	0.04720	0.03967	0.02857	0.01075	0.00842	0.00291	0.00512	0.01436	0.01510	0.12401	0.00078	0.01917	0.01207	0.00939	0.00062	0.00163	0.00082	0.00078	0.00380	0.00105	0.07949	0.05542	0.00035	0.04886	0.45789	3.93778	0.07013	0.00217	0.00000	0.00175	0.00120	0.00691	0.00493	0.01673	0.00144	0.00039	0.00718	0.00423	0.01374	0.01339	0.01863	0.00078	0.00132	0.01708
19C_Tess_nonquotes	0.04750	0.02026	0.00585	0.00465	0.00154	0.00114	0.07729	0.00806	0.01053	0.00180	0.00161	0.00823	0.01729	0.15372	0.00208	0.01126	0.01327	0.01712	0.00191	0.00578	0.00022	0.00140	0.00216	0.00130	0.11654	0.06230	0.00021	0.05203	0.47938	4.22147	0.05695	0.00309	0.00000	0.00112	0.00071	0.00402	0.00701	0.01008	0.00183	0.00162	0.00480	0.00095	0.00334	0.00671	0.01497	0.00099	0.00042	0.00859
19C_Tess_quotes	0.01529	0.03582	0.00285	0.00722	0.06699	0.03702	0.02760	0.01608	0.01244	0.00362	0.00801	0.01762	0.00563	0.09753	0.00047	0.01933	0.01246	0.01120	0.00019	0.00090	0.00126	0.00101	0.00495	0.00109	0.07312	0.04687	0.00054	0.06031	0.48062	3.52302	0.08138	0.00259	0.00002	0.00287	0.00229	0.01056	0.00642	0.02231	0.00184	0.00103	0.00934	0.00531	0.01372	0.03573	0.02370	0.00184	0.00021	0.02623
19C_VivianG_nonquotes	0.04240	0.02193	0.00157	0.00471	0.00457	0.00139	0.05189	0.00520	0.00909	0.00130	0.00099	0.00718	0.01994	0.14574	0.00289	0.01201	0.01348	0.01546	0.00188	0.00643	0.00013	0.00093	0.00096	0.00078	0.11134	0.07231	0.00025	0.04274	0.48168	4.36440	0.06133	0.00317	0.00000	0.00237	0.00207	0.00281	0.00851	0.00699	0.00247	0.00152	0.00282	0.00135	0.00184	0.00551	0.01424	0.00071	0.00062	0.00748
19C_VivianG_quotes	0.01280	0.03267	0.00112	0.00496	0.05157	0.02498	0.02467	0.00902	0.01374	0.00264	0.00345	0.01264	0.01476	0.11927	0.00129	0.01929	0.01423	0.00920	0.00121	0.00455	0.00035	0.00095	0.00294	0.00070	0.08868	0.06146	0.00042	0.04867	0.51337	3.98706	0.08170	0.00278	0.00000	0.00338	0.00359	0.00596	0.00575	0.01729	0.00191	0.00072	0.00707	0.00422	0.00854	0.00704	0.01910	0.00159	0.00046	0.01462
19C_alli_nonquotes	0.04049	0.01796	0.00274	0.00475	0.00611	0.00235	0.08664	0.00968	0.01461	0.00243	0.00313	0.00832	0.01229	0.12038	0.00160	0.01406	0.01209	0.01323	0.00178	0.00551	0.00046	0.00168	0.00217	0.00090	0.10719	0.05214	0.00021	0.05415	0.44186	4.02173	0.07549	0.00324	0.00000	0.00433	0.00067	0.00534	0.01703	0.01340	0.00172	0.00081	0.00655	0.00376	0.00772	0.00607	0.02371	0.00068	0.00068	0.01324
19C_alli_quotes	0.01065	0.03899	0.00207	0.00639	0.06929	0.03578	0.03834	0.01934	0.01272	0.00495	0.00897	0.01400	0.00458	0.08382	0.00034	0.02185	0.01118	0.00830	0.00030	0.00105	0.00115	0.00089	0.00685	0.00058	0.07118	0.04112	0.00027	0.06282	0.34293	3.50507	0.09454	0.00268	0.00000	0.00536	0.00220	0.00879	0.00852	0.02785	0.00180	0.00062	0.00896	0.00775	0.02042	0.03205	0.02813	0.00077	0.00037	0.02847
19C_arma_nonquotes	0.05015	0.02334	0.00342	0.00622	0.01981	0.00287	0.06254	0.00830	0.00853	0.00219	0.00137	0.00836	0.01745	0.14571	0.00142	0.00958	0.01205	0.01669	0.00116	0.00488	0.00010	0.00023	0.00238	0.00107	0.11788	0.05650	0.00012	0.04673	0.51444	4.11343	0.04635	0.00142	0.00000	0.00125	0.00080	0.00316	0.00984	0.01156	0.00264	0.00090	0.00418	0.00099	0.00312	0.01376	0.01912	0.00119	0.00022	0.00596
19C_arma_quotes	0.02187	0.03310	0.00241	0.00585	0.06423	0.02746	0.03109	0.01192	0.01096	0.00368	0.00452	0.01359	0.01342	0.11923	0.00083	0.01614	0.01400	0.01231	0.00072	0.00315	0.00020	0.00033	0.00541	0.00099	0.09674	0.04887	0.00025	0.04480	0.39257	3.76101	0.06709	0.00250	0.00000	0.00200	0.00148	0.00420	0.00886	0.01720	0.00305	0.00075	0.00782	0.00268	0.00882	0.02395	0.02207	0.00207	0.00010	0.01276
19C_basker_nonquotes	0.05440	0.01915	0.00604	0.00478	0.04424	0.00264	0.04301	0.01184	0.01047	0.00235	0.00112	0.00770	0.01349	0.14969	0.00193	0.01402	0.01515	0.01335	0.00172	0.00875	0.00018	0.00021	0.00211	0.00109	0.11097	0.06905	0.00025	0.04765	0.47804	4.07461	0.06322	0.00183	0.00000	0.00249	0.00116	0.00309	0.00970	0.01121	0.00183	0.00148	0.00555	0.00228	0.00288	0.00264	0.01841	0.00067	0.00035	0.00548
19C_basker_quotes	0.02080	0.03126	0.00279	0.00551	0.05153	0.02551	0.03506	0.01801	0.01758	0.00380	0.00553	0.01474	0.01083	0.12075	0.00064	0.02392	0.01543	0.00926	0.00074	0.00447	0.00064	0.00064	0.00420	0.00112	0.08614	0.05031	0.00045	0.05039	0.48698	3.83622	0.08870	0.00231	0.00000	0.00423	0.00194	0.00591	0.00593	0.02017	0.00221	0.00128	0.00998	0.00439	0.00963	0.00955	0.02107	0.00061	0.00005	0.01559
19C_cran_nonquotes	0.04666	0.01806	0.00217	0.00411	0.03194	0.00054	0.05391	0.00895	0.00941	0.00202	0.00235	0.01087	0.01294	0.12317	0.00153	0.01186	0.01437	0.01391	0.00179	0.00564	0.00056	0.00115	0.00401	0.00113	0.10497	0.05956	0.00028	0.05324	0.52646	4.01722	0.06510	0.00308	0.00000	0.00377	0.00166	0.00306	0.00906	0.01451	0.00294	0.00115	0.00569	0.00227	0.00387	0.00712	0.02138	0.00137	0.00039	0.00836
19C_cran_quotes	0.02932	0.03186	0.00197	0.00475	0.06240	0.01490	0.04013	0.01433	0.00836	0.00249	0.00423	0.01457	0.00517	0.10770	0.00061	0.01579	0.01245	0.01161	0.00023	0.00141	0.00038	0.00080	0.00498	0.00075	0.07466	0.05150	0.00047	0.05582	0.44757	3.61974	0.07673	0.00296	0.00009	0.00517	0.00226	0.00559	0.00663	0.02359	0.00188	0.00089	0.00757	0.00423	0.01048	0.02345	0.02486	0.00179	0.00056	0.01739
19C_dorian_nonquotes	0.06470	0.02042	0.00398	0.00295	0.00230	0.00024	0.07723	0.01163	0.01150	0.00245	0.00125	0.00931	0.01288	0.15203	0.00120	0.01279	0.01001	0.01674	0.00131	0.00184	0.00013	0.00052	0.00146	0.00031	0.11203	0.06628	0.00026	0.03948	0.56995	4.12936	0.05876	0.00205	0.00000	0.00157	0.00114	0.00251	0.00695	0.00949	0.00129	0.00264	0.00310	0.00066	0.00365	0.00334	0.01449	0.00087	0.00020	0.00503
19C_dorian_quotes	0.01634	0.04077	0.00236	0.00527	0.06302	0.03728	0.02985	0.01843	0.01131	0.00618	0.00562	0.01649	0.00756	0.10297	0.00038	0.02383	0.01327	0.00807	0.00047	0.00078	0.00073	0.00038	0.00356	0.00044	0.07651	0.05711	0.00067	0.05457	0.41316	3.74800	0.09823	0.00296	0.00000	0.00387	0.00349	0.00480	0.00598	0.02067	0.00182	0.00118	0.00585	0.00554	0.01043	0.01300	0.02245	0.00222	0.00016	0.02010
19C_dracula_nonquotes	0.05379	0.02676	0.00451	0.00683	0.05264	0.00159	0.04791	0.01109	0.00904	0.00244	0.00234	0.00949	0.00940	0.12775	0.00103	0.01369	0.01233	0.01465	0.00067	0.00417	0.00011	0.00143	0.00286	0.00139	0.10149	0.05412	0.00031	0.05348	0.49471	3.82366	0.06534	0.00264	0.00001	0.00198	0.00085	0.00385	0.00847	0.01639	0.00212	0.00288	0.00731	0.00279	0.00478	0.00540	0.02110	0.00103	0.00021	0.00886
19C_dracula_quotes	0.01594	0.03538	0.00245	0.00759	0.05976	0.02506	0.03749	0.01336	0.01476	0.00273	0.00551	0.01532	0.00587	0.11361	0.00060	0.02073	0.01485	0.00626	0.00029	0.00239	0.00067	0.00098	0.00499	0.00118	0.08220	0.05031	0.00067	0.05148	0.44828	3.53280	0.08106	0.00213	0.00010	0.00172	0.00110	0.00713	0.00464	0.01854	0.00168	0.00082	0.01058	0.00497	0.01283	0.01583	0.01883	0.00105	0.00034	0.01839
19C_emma_nonquotes	0.03707	0.01911	0.00218	0.00559	0.00124	0.00059	0.07242	0.01181	0.00763	0.00227	0.00227	0.00809	0.02051	0.10757	0.00174	0.01475	0.01056	0.01740	0.00040	0.00412	0.00014	0.00128	0.00148	0.00104	0.09888	0.06259	0.00028	0.06248	0.48813	4.18141	0.08147	0.00352	0.00000	0.00691	0.00240	0.00411	0.00935	0.01371	0.00182	0.00213	0.00862	0.00414	0.00437	0.00646	0.01906	0.00104	0.00076	0.01197
19C_emma_quotes	0.01356	0.03521	0.00183	0.00419	0.05366	0.02484	0.03809	0.01521	0.00875	0.00292	0.00548	0.01138	0.01200	0.09107	0.00052	0.01982	0.00944	0.01065	0.00015	0.00183	0.00042	0.00062	0.00376	0.00107	0.07449	0.05761	0.00028	0.06786	0.40108	3.76465	0.09170	0.00266	0.00000	0.00958	0.00403	0.00666	0.00713	0.02254	0.00173	0.00119	0.01055	0.00685	0.01268	0.00529	0.02520	0.00145	0.00040	0.02040
19C_frank_nonquotes	0.04979	0.01754	0.00352	0.00419	0.07298	0.00261	0.03143	0.00652	0.01330	0.00103	0.00115	0.00929	0.02321	0.15037	0.00325	0.01096	0.01562	0.01075	0.00177	0.00707	0.00010	0.00062	0.00202	0.00129	0.10795	0.06042	0.00004	0.04258	0.54427	4.25060	0.05841	0.00321	0.00000	0.00144	0.00127	0.00415	0.00452	0.01211	0.00129	0.00166	0.00596	0.00267	0.00407	0.00150	0.01433	0.00019	0.00053	0.00759
19C_frank_quotes	0.03751	0.02160	0.00229	0.00478	0.06741	0.02166	0.02900	0.00704	0.01399	0.00144	0.00177	0.01155	0.02006	0.13593	0.00271	0.01531	0.01555	0.00722	0.00171	0.00587	0.00036	0.00063	0.00286	0.00117	0.09481	0.06124	0.00027	0.04115	0.47792	4.10528	0.06458	0.00265	0.00003	0.00238	0.00120	0.00469	0.00292	0.01528	0.00165	0.00138	0.00701	0.00280	0.00827	0.00433	0.01531	0.00012	0.00051	0.01020
19C_jane_nonquotes	0.06151	0.01978	0.00394	0.00645	0.05464	0.00136	0.04561	0.00978	0.00855	0.00169	0.00160	0.00830	0.01591	0.14021	0.00163	0.01116	0.01041	0.01408	0.00097	0.00334	0.00051	0.00067	0.00161	0.00107	0.09604	0.06003	0.00024	0.05138	0.54717	4.04030	0.05386	0.00277	0.00000	0.00196	0.00099	0.00535	0.00703	0.01209	0.00246	0.00224	0.00411	0.00165	0.00343	0.00328	0.01734	0.00135	0.00100	0.00850
19C_jane_quotes	0.01912	0.03292	0.00246	0.00573	0.05767	0.03888	0.02879	0.01280	0.00947	0.00274	0.00538	0.01357	0.01192	0.11517	0.00074	0.02062	0.01241	0.00774	0.00063	0.00187	0.00094	0.00058	0.00372	0.00126	0.07859	0.05404	0.00029	0.05074	0.51813	3.76877	0.07737	0.00231	0.00000	0.00252	0.00124	0.00786	0.00544	0.01627	0.00171	0.00072	0.00716	0.00460	0.01300	0.00922	0.01848	0.00162	0.00091	0.01705
19C_mary_nonquotes	0.04910	0.02320	0.00410	0.00536	0.00255	0.00117	0.07696	0.00767	0.00897	0.00141	0.00190	0.00960	0.01458	0.14215	0.00187	0.01082	0.01327	0.01891	0.00144	0.00483	0.00019	0.00129	0.00295	0.00140	0.10652	0.06360	0.00030	0.05269	0.52094	4.06257	0.05474	0.00282	0.00001	0.00169	0.00117	0.00457	0.00770	0.01300	0.00222	0.00150	0.00559	0.00180	0.00419	0.00814	0.01888	0.00122	0.00036	0.00844
19C_mary_quotes	0.02236	0.03604	0.00277	0.00546	0.05720	0.02083	0.04484	0.01420	0.00841	0.00187	0.00618	0.01600	0.00330	0.10859	0.00031	0.01888	0.01238	0.01200	0.00018	0.00071	0.00026	0.00121	0.00530	0.00111	0.07069	0.04669	0.00071	0.05410	0.47895	3.41184	0.08267	0.00199	0.00071	0.00200	0.00177	0.00778	0.00798	0.02329	0.00159	0.00068	0.00947	0.00365	0.01563	0.04811	0.02688	0.00207	0.00088	0.01863
19C_mill_nonquotes	0.04324	0.02570	0.00317	0.00475	0.00281	0.00147	0.06349	0.00877	0.01401	0.00259	0.00141	0.00944	0.01840	0.13768	0.00165	0.01254	0.01359	0.02077	0.00136	0.00498	0.00057	0.00064	0.00265	0.00159	0.11400	0.06997	0.00032	0.04996	0.54278	4.16046	0.06347	0.00255	0.00000	0.00278	0.00125	0.00318	0.01276	0.01127	0.00133	0.00156	0.00435	0.00232	0.00453	0.00806	0.01949	0.00065	0.00009	0.00939
19C_mill_quotes	0.01322	0.03730	0.00272	0.00522	0.06283	0.03606	0.02897	0.01599	0.00943	0.00521	0.00682	0.01443	0.00566	0.10882	0.00037	0.02122	0.01167	0.00924	0.00009	0.00045	0.00125	0.00066	0.00636	0.00111	0.06698	0.04603	0.00061	0.04731	0.41361	3.42001	0.08608	0.00205	0.00003	0.00277	0.00143	0.00759	0.00592	0.02029	0.00121	0.00055	0.00886	0.00617	0.01591	0.05960	0.02165	0.00169	0.00100	0.02140
19C_native_nonquotes	0.05528	0.02139	0.00621	0.00555	0.00149	0.00078	0.06457	0.00805	0.01104	0.00183	0.00133	0.00911	0.01601	0.15866	0.00227	0.01135	0.01493	0.01821	0.00130	0.00650	0.00026	0.00130	0.00164	0.00131	0.12042	0.05962	0.00025	0.05027	0.50914	4.28801	0.06155	0.00315	0.00000	0.00128	0.00058	0.00386	0.01160	0.00969	0.00151	0.00184	0.00441	0.00093	0.00279	0.00604	0.01819	0.00115	0.00034	0.00721
19C_native_quotes	0.01680	0.03667	0.00302	0.00846	0.06640	0.03438	0.03163	0.01660	0.01350	0.00455	0.00765	0.01736	0.00473	0.09712	0.00047	0.02151	0.01333	0.01121	0.00008	0.00100	0.00131	0.00090	0.00548	0.00090	0.07503	0.04454	0.00036	0.06283	0.40420	3.55237	0.08829	0.00357	0.00002	0.00248	0.00156	0.01070	0.00617	0.02292	0.00193	0.00097	0.01020	0.00600	0.01537	0.02783	0.02378	0.00117	0.00062	0.02392
19C_persuasion_nonquotes	0.03413	0.01942	0.00257	0.00586	0.00048	0.00019	0.07113	0.00979	0.00756	0.00344	0.00218	0.00771	0.02098	0.11035	0.00244	0.01437	0.01149	0.01787	0.00071	0.00512	0.00019	0.00144	0.00119	0.00122	0.10632	0.06243	0.00031	0.06002	0.53141	4.23618	0.07980	0.00417	0.00000	0.00546	0.00197	0.00395	0.00710	0.01434	0.00164	0.00197	0.00801	0.00377	0.00340	0.00608	0.01841	0.00111	0.00088	0.01122
19C_persuasion_quotes	0.01471	0.03639	0.00198	0.00513	0.05441	0.02267	0.03885	0.01324	0.00913	0.00498	0.00537	0.01153	0.00961	0.09690	0.00084	0.02129	0.01156	0.01150	0.00024	0.00285	0.00042	0.00081	0.00396	0.00114	0.08242	0.05591	0.00051	0.06315	0.48421	3.80665	0.09554	0.00309	0.00000	0.00763	0.00357	0.00676	0.00613	0.02279	0.00216	0.00114	0.01063	0.00700	0.01108	0.00513	0.02489	0.00210	0.00039	0.01919
19C_pride_nonquotes	0.04624	0.01773	0.00261	0.00537	0.00266	0.00099	0.08555	0.00859	0.00831	0.00274	0.00188	0.01011	0.02366	0.11447	0.00261	0.01342	0.01335	0.01626	0.00114	0.00480	0.00018	0.00207	0.00109	0.00119	0.11133	0.05312	0.00039	0.05607	0.45745	4.33452	0.07480	0.00334	0.00000	0.00382	0.00198	0.00339	0.01070	0.01322	0.00179	0.00144	0.00700	0.00243	0.00358	0.00632	0.01980	0.00073	0.00099	0.01043
19C_pride_quotes	0.01288	0.03402	0.00187	0.00418	0.05777	0.02889	0.04063	0.01414	0.00966	0.00480	0.00540	0.01360	0.01451	0.09423	0.00092	0.02133	0.01268	0.01047	0.00045	0.00267	0.00078	0.00105	0.00460	0.00073	0.08276	0.05856	0.00042	0.06259	0.40369	3.86137	0.09608	0.00262	0.00000	0.00607	0.00367	0.00551	0.00674	0.02171	0.00197	0.00103	0.01126	0.00666	0.01250	0.00404	0.02313	0.00132	0.00073	0.01989
19C_sybil_nonquotes	0.05442	0.01995	0.00179	0.00368	0.00367	0.00111	0.05206	0.00617	0.01263	0.00164	0.00078	0.00834	0.02208	0.15056	0.00260	0.01195	0.01458	0.01461	0.00208	0.00643	0.00017	0.00142	0.00125	0.00119	0.11274	0.06839	0.00027	0.03994	0.51399	4.42869	0.05777	0.00284	0.00000	0.00231	0.00114	0.00289	0.01939	0.00556	0.00163	0.00137	0.00341	0.00128	0.00236	0.00245	0.02378	0.00053	0.00061	0.00686
19C_sybil_quotes	0.01408	0.03726	0.00109	0.00486	0.05576	0.02542	0.03187	0.01280	0.01606	0.00396	0.00489	0.01427	0.01331	0.12238	0.00092	0.02292	0.01336	0.00741	0.00069	0.00224	0.00040	0.00091	0.00449	0.00060	0.08328	0.05026	0.00063	0.04938	0.42010	3.87641	0.09078	0.00283	0.00000	0.00346	0.00226	0.00725	0.00647	0.01822	0.00162	0.00039	0.00824	0.00577	0.01360	0.01220	0.02097	0.00188	0.00055	0.01890
19C_vanity_nonquotes	0.04359	0.02063	0.00251	0.00313	0.00587	0.00183	0.06247	0.00586	0.01086	0.00161	0.00131	0.01182	0.01473	0.14533	0.00154	0.01045	0.01649	0.01385	0.00230	0.00626	0.00014	0.00081	0.00142	0.00092	0.10927	0.06552	0.00018	0.04107	0.51421	4.15810	0.05484	0.00192	0.00000	0.00324	0.00157	0.00225	0.00881	0.00917	0.00186	0.00054	0.00336	0.00166	0.00364	0.00988	0.01595	0.00082	0.00036	0.00677
19C_vanity_quotes	0.01462	0.03310	0.00174	0.00352	0.05626	0.03273	0.03656	0.01121	0.01086	0.00311	0.00538	0.01615	0.00652	0.11263	0.00055	0.02045	0.01317	0.00662	0.00057	0.00187	0.00050	0.00066	0.00344	0.00057	0.07460	0.05052	0.00034	0.04061	0.47135	3.65710	0.08035	0.00211	0.00000	0.00272	0.00208	0.00508	0.00528	0.01527	0.00182	0.00047	0.00647	0.00418	0.01328	0.03145	0.01800	0.00148	0.00031	0.01728
19C_wh_nonquotes	0.06975	0.02786	0.00347	0.00352	0.04353	0.00212	0.07159	0.00845	0.00679	0.00155	0.00141	0.00751	0.01609	0.13050	0.00109	0.00900	0.00757	0.02200	0.00050	0.00179	0.00037	0.00090	0.00216	0.00145	0.09361	0.05188	0.00022	0.04642	0.55172	4.14007	0.04443	0.00221	0.00000	0.00170	0.00066	0.00247	0.00929	0.01064	0.00297	0.00128	0.00461	0.00198	0.00474	0.01065	0.01837	0.00155	0.00076	0.00891
19C_wh_quotes	0.02136	0.03548	0.00228	0.00573	0.06085	0.03622	0.04497	0.01237	0.00939	0.00306	0.00522	0.01185	0.00788	0.10082	0.00057	0.02039	0.00844	0.01276	0.00018	0.00076	0.00113	0.00085	0.00529	0.00111	0.07232	0.04424	0.00061	0.04915	0.51989	3.69147	0.07890	0.00263	0.00000	0.00168	0.00106	0.00612	0.00520	0.01458	0.00126	0.00060	0.00758	0.00532	0.01840	0.03233	0.01687	0.00196	0.00080	0.02036
19C_wwhite_nonquotes	0.04677	0.02096	0.00376	0.00617	0.05235	0.00081	0.04900	0.00878	0.01058	0.00182	0.00146	0.00869	0.01872	0.13505	0.00162	0.01012	0.01340	0.01484	0.00162	0.00602	0.00022	0.00028	0.00237	0.00120	0.11862	0.05847	0.00015	0.05062	0.48670	4.09294	0.05287	0.00234	0.00000	0.00168	0.00135	0.00311	0.01012	0.01213	0.00257	0.00122	0.00524	0.00167	0.00235	0.00664	0.01924	0.00085	0.00041	0.00691
19C_wwhite_quotes	0.01687	0.03527	0.00270	0.00569	0.06221	0.03550	0.03167	0.01295	0.01093	0.00355	0.00569	0.01423	0.01207	0.11153	0.00065	0.01696	0.01359	0.00997	0.00034	0.00242	0.00070	0.00019	0.00561	0.00071	0.09200	0.04932	0.00024	0.04797	0.43386	3.78023	0.06953	0.00219	0.00000	0.00217	0.00146	0.00487	0.00910	0.01966	0.00261	0.00049	0.00781	0.00320	0.00927	0.01566	0.02375	0.00222	0.00039	0.01496
DNov_BH_nonquotes	0.03661	0.04396	0.00363	0.00493	0.03193	0.00071	0.05476	0.01082	0.00992	0.00269	0.00204	0.01052	0.01393	0.13592	0.00145	0.01075	0.01226	0.02034	0.00137	0.00339	0.00027	0.00098	0.00251	0.00113	0.10985	0.06277	0.00028	0.05354	0.56533	4.07415	0.05814	0.00198	0.00000	0.00320	0.00117	0.00341	0.01416	0.01169	0.00190	0.00182	0.00434	0.00149	0.00274	0.00555	0.02001	0.00094	0.00034	0.00751
DNov_BH_quotes	0.01270	0.03677	0.00225	0.00536	0.06400	0.03199	0.02764	0.01756	0.01388	0.00397	0.00679	0.01467	0.01036	0.10622	0.00070	0.02113	0.01232	0.00870	0.00064	0.00184	0.00083	0.00070	0.00482	0.00089	0.07963	0.05272	0.00042	0.05439	0.43077	3.67225	0.08868	0.00157	0.00000	0.00367	0.00204	0.00779	0.00698	0.01980	0.00181	0.00056	0.00789	0.00405	0.01053	0.02249	0.02249	0.00170	0.00053	0.01878
DNov_BR_nonquotes	0.05614	0.02550	0.00385	0.00464	0.00138	0.00051	0.06531	0.00836	0.01215	0.00185	0.00157	0.00989	0.01384	0.14836	0.00191	0.00926	0.01409	0.02222	0.00165	0.00497	0.00018	0.00139	0.00188	0.00083	0.11266	0.06347	0.00029	0.05038	0.52332	4.12351	0.04925	0.00161	0.00000	0.00270	0.00112	0.00289	0.01010	0.00730	0.00140	0.00158	0.00320	0.00093	0.00272	0.00506	0.01633	0.00075	0.00055	0.00608
DNov_BR_quotes	0.01379	0.03575	0.00238	0.00489	0.05954	0.03709	0.02983	0.01400	0.01500	0.00355	0.00811	0.01665	0.00828	0.11475	0.00049	0.02238	0.01474	0.00784	0.00060	0.00204	0.00053	0.00103	0.00556	0.00066	0.07593	0.05164	0.00046	0.05041	0.42487	3.58941	0.08301	0.00146	0.00008	0.00296	0.00216	0.00603	0.00583	0.01866	0.00170	0.00040	0.00705	0.00361	0.01246	0.02465	0.02076	0.00219	0.00082	0.01849
DNov_DC_nonquotes	0.05701	0.02636	0.00359	0.00482	0.05875	0.00044	0.04639	0.01061	0.01061	0.00286	0.00215	0.01126	0.01233	0.12386	0.00129	0.01103	0.01329	0.01937	0.00139	0.00397	0.00028	0.00080	0.00290	0.00117	0.10742	0.05368	0.00022	0.05047	0.48052	3.89522	0.05750	0.00162	0.00000	0.00304	0.00112	0.00305	0.01432	0.01368	0.00171	0.00147	0.00436	0.00177	0.00275	0.00748	0.02237	0.00096	0.00026	0.00722
DNov_DC_quotes	0.01291	0.03493	0.00231	0.00535	0.06496	0.03107	0.03019	0.01518	0.01167	0.00380	0.00658	0.01508	0.01076	0.10089	0.00058	0.02225	0.01292	0.00791	0.00044	0.00154	0.00070	0.00066	0.00567	0.00085	0.07541	0.05274	0.00041	0.05257	0.40104	3.65678	0.09257	0.00156	0.00010	0.00342	0.00239	0.00676	0.00694	0.02016	0.00173	0.00052	0.00790	0.00456	0.01105	0.02579	0.02230	0.00150	0.00032	0.01871
DNov_DS_nonquotes	0.05029	0.02883	0.00385	0.00490	0.00273	0.00125	0.06692	0.00973	0.01167	0.00208	0.00171	0.00952	0.01594	0.13382	0.00157	0.00939	0.01188	0.02176	0.00156	0.00358	0.00010	0.00086	0.00261	0.00088	0.11225	0.06147	0.00022	0.04932	0.52604	4.10805	0.04923	0.00187	0.00000	0.00269	0.00072	0.00284	0.01225	0.00890	0.00161	0.00163	0.00367	0.00101	0.00318	0.00826	0.01964	0.00097	0.00038	0.00714
DNov_DS_quotes	0.01168	0.03518	0.00272	0.00545	0.06410	0.03429	0.02648	0.01396	0.01285	0.00450	0.00620	0.01719	0.00988	0.09373	0.00063	0.02170	0.01441	0.00797	0.00078	0.00195	0.00050	0.00091	0.00575	0.00073	0.07501	0.05232	0.00027	0.05540	0.46825	3.61721	0.08974	0.00198	0.00003	0.00399	0.00262	0.00706	0.00694	0.02036	0.00231	0.00048	0.00840	0.00381	0.01164	0.02576	0.02260	0.00175	0.00050	0.01932
DNov_ED_nonquotes	0.03269	0.04225	0.00342	0.00547	0.00166	0.00079	0.06063	0.01015	0.01092	0.00219	0.00133	0.00749	0.01453	0.14183	0.00169	0.00866	0.00912	0.02168	0.00112	0.00267	0.00025	0.00109	0.00284	0.00092	0.11526	0.06619	0.00016	0.05115	0.51064	4.20949	0.04782	0.00183	0.00003	0.00238	0.00082	0.00301	0.01115	0.00688	0.00199	0.00147	0.00357	0.00118	0.00292	0.00721	0.01411	0.00137	0.00043	0.00573
DNov_ED_quotes	0.01250	0.03885	0.00225	0.00504	0.06693	0.03603	0.02421	0.01734	0.01192	0.00278	0.00593	0.01456	0.01071	0.10379	0.00074	0.01849	0.01252	0.01014	0.00068	0.00183	0.00096	0.00070	0.00421	0.00074	0.08038	0.05275	0.00040	0.05696	0.44236	3.68176	0.08155	0.00164	0.00000	0.00298	0.00215	0.00676	0.00684	0.01873	0.00247	0.00077	0.00865	0.00431	0.01112	0.01588	0.02130	0.00168	0.00055	0.01909
DNov_GE_nonquotes	0.05904	0.02287	0.00344	0.00538	0.05803	0.00040	0.04352	0.01135	0.01136	0.00258	0.00227	0.01075	0.01224	0.12954	0.00126	0.01058	0.01178	0.01969	0.00107	0.00288	0.00032	0.00083	0.00323	0.00155	0.11352	0.05286	0.00018	0.05119	0.48564	3.91476	0.05775	0.00146	0.00000	0.00248	0.00096	0.00310	0.01213	0.01300	0.00186	0.00144	0.00410	0.00221	0.00316	0.00512	0.02127	0.00151	0.00037	0.00740
DNov_GE_quotes	0.01622	0.03628	0.00213	0.00655	0.05539	0.04257	0.03164	0.01739	0.01333	0.00312	0.00848	0.01656	0.00792	0.09890	0.00052	0.02215	0.01437	0.00871	0.00030	0.00179	0.00074	0.00059	0.00487	0.00111	0.07625	0.04731	0.00063	0.05378	0.40625	3.56727	0.09004	0.00147	0.00003	0.00255	0.00134	0.00895	0.00750	0.02081	0.00176	0.00043	0.00800	0.00417	0.01121	0.02982	0.02374	0.00212	0.00055	0.01991
DNov_HT_nonquotes	0.05410	0.02300	0.00364	0.00451	0.00502	0.00120	0.06825	0.01033	0.01046	0.00232	0.00173	0.00935	0.01387	0.13751	0.00160	0.00948	0.01071	0.01899	0.00126	0.00302	0.00026	0.00099	0.00254	0.00103	0.11007	0.06128	0.00017	0.04937	0.46335	4.11343	0.05266	0.00184	0.00000	0.00264	0.00089	0.00331	0.01244	0.00935	0.00171	0.00147	0.00342	0.00104	0.00316	0.01074	0.01701	0.00152	0.00041	0.00721
DNov_HT_quotes	0.01386	0.03695	0.00206	0.00557	0.06157	0.03514	0.02919	0.01407	0.01267	0.00366	0.00610	0.01622	0.00889	0.10500	0.00074	0.01788	0.01399	0.00880	0.00062	0.00172	0.00079	0.00094	0.00525	0.00091	0.07791	0.04817	0.00032	0.05491	0.38482	3.63588	0.08140	0.00200	0.00000	0.00336	0.00185	0.00810	0.00678	0.02105	0.00202	0.00077	0.00827	0.00368	0.01093	0.02893	0.02307	0.00191	0.00030	0.01930
DNov_LD_nonquotes	0.05121	0.02336	0.00320	0.00462	0.00591	0.00208	0.06803	0.01140	0.01212	0.00251	0.00224	0.00974	0.01581	0.13579	0.00167	0.01094	0.01205	0.02009	0.00148	0.00361	0.00032	0.00094	0.00272	0.00098	0.11577	0.06298	0.00022	0.04832	0.50785	4.14459	0.05549	0.00160	0.00000	0.00229	0.00090	0.00282	0.01182	0.00909	0.00165	0.00141	0.00391	0.00130	0.00359	0.00627	0.01888	0.00107	0.00030	0.00757
DNov_LD_quotes	0.01301	0.03661	0.00229	0.00485	0.06443	0.03409	0.02645	0.01815	0.01295	0.00433	0.00623	0.01541	0.01075	0.09745	0.00065	0.02017	0.01336	0.00976	0.00065	0.00191	0.00079	0.00080	0.00495	0.00075	0.07882	0.05275	0.00029	0.05906	0.43902	3.67113	0.08707	0.00186	0.00003	0.00371	0.00218	0.00719	0.00752	0.02146	0.00258	0.00059	0.00825	0.00419	0.01104	0.01800	0.02477	0.00177	0.00041	0.02113
DNov_MC_nonquotes	0.05681	0.02412	0.00337	0.00478	0.00126	0.00072	0.06443	0.01028	0.01224	0.00224	0.00179	0.00833	0.01631	0.13960	0.00161	0.01019	0.01177	0.02042	0.00148	0.00455	0.00029	0.00110	0.00244	0.00079	0.11146	0.06453	0.00030	0.05058	0.51546	4.15876	0.05208	0.00174	0.00000	0.00330	0.00084	0.00269	0.01509	0.00792	0.00186	0.00143	0.00410	0.00100	0.00277	0.00714	0.02156	0.00091	0.00051	0.00694
DNov_MC_quotes	0.01231	0.03650	0.00196	0.00485	0.06238	0.03469	0.02903	0.01573	0.01290	0.00318	0.00640	0.01600	0.01006	0.10461	0.00049	0.02230	0.01370	0.00810	0.00053	0.00223	0.00051	0.00079	0.00546	0.00071	0.07602	0.05424	0.00041	0.05434	0.48564	3.61994	0.08825	0.00187	0.00001	0.00424	0.00252	0.00704	0.00694	0.02004	0.00180	0.00040	0.00800	0.00391	0.01174	0.02640	0.02239	0.00178	0.00041	0.02162
DNov_NN_nonquotes	0.05828	0.02553	0.00313	0.00425	0.00137	0.00044	0.05395	0.00719	0.01153	0.00203	0.00136	0.00909	0.01816	0.13967	0.00202	0.00894	0.01410	0.02209	0.00192	0.00623	0.00015	0.00092	0.00209	0.00099	0.10599	0.06621	0.00026	0.05043	0.53125	4.29882	0.04903	0.00226	0.00000	0.00388	0.00157	0.00222	0.01779	0.00718	0.00218	0.00150	0.00358	0.00121	0.00253	0.00730	0.02430	0.00069	0.00039	0.00670
DNov_NN_quotes	0.01401	0.03413	0.00228	0.00579	0.05559	0.03125	0.03228	0.01523	0.01555	0.00417	0.00687	0.01638	0.00893	0.11248	0.00061	0.02104	0.01424	0.00808	0.00051	0.00209	0.00071	0.00080	0.00571	0.00065	0.07180	0.05392	0.00040	0.05510	0.44792	3.63672	0.08297	0.00222	0.00003	0.00477	0.00234	0.00683	0.00675	0.02033	0.00160	0.00054	0.00743	0.00488	0.01325	0.02501	0.02314	0.00105	0.00049	0.02032
DNov_OCS_nonquotes	0.05301	0.02780	0.00375	0.00449	0.00252	0.00046	0.06301	0.00845	0.01190	0.00214	0.00149	0.00980	0.01536	0.15031	0.00203	0.00976	0.01412	0.02363	0.00182	0.00557	0.00023	0.00091	0.00215	0.00103	0.10877	0.06834	0.00025	0.05017	0.55297	4.15044	0.05154	0.00166	0.00000	0.00342	0.00090	0.00261	0.01157	0.00810	0.00132	0.00164	0.00332	0.00116	0.00295	0.00564	0.01823	0.00064	0.00049	0.00682
DNov_OCS_quotes	0.01325	0.03622	0.00270	0.00676	0.05631	0.03499	0.03268	0.01588	0.01516	0.00387	0.00773	0.01720	0.00728	0.10704	0.00045	0.02428	0.01377	0.00897	0.00045	0.00154	0.00055	0.00073	0.00644	0.00085	0.06883	0.05369	0.00044	0.05908	0.41026	3.55663	0.09204	0.00202	0.00001	0.00416	0.00230	0.00732	0.00624	0.02128	0.00148	0.00049	0.00713	0.00427	0.01405	0.03150	0.02328	0.00214	0.00045	0.01924
DNov_OMF_nonquotes	0.05303	0.03363	0.00289	0.00484	0.00277	0.00138	0.06292	0.01041	0.01114	0.00189	0.00184	0.00791	0.01427	0.14029	0.00171	0.00904	0.00991	0.02449	0.00134	0.00305	0.00028	0.00089	0.00271	0.00092	0.11447	0.06065	0.00023	0.04847	0.44271	4.19153	0.04783	0.00139	0.00000	0.00239	0.00082	0.00263	0.01550	0.00766	0.00281	0.00159	0.00341	0.00111	0.00297	0.00802	0.02248	0.00096	0.00024	0.00621
DNov_OMF_quotes	0.01315	0.03944	0.00222	0.00502	0.06608	0.03857	0.02547	0.01852	0.01201	0.00355	0.00736	0.01580	0.00896	0.09862	0.00071	0.01973	0.01297	0.01026	0.00051	0.00157	0.00114	0.00064	0.00513	0.00082	0.08123	0.04885	0.00035	0.05221	0.41161	3.60758	0.08363	0.00158	0.00003	0.00290	0.00189	0.00732	0.00761	0.02096	0.00224	0.00067	0.00853	0.00419	0.01171	0.02572	0.02381	0.00184	0.00055	0.02174
DNov_OT_nonquotes	0.06104	0.02688	0.00395	0.00395	0.00148	0.00055	0.05580	0.00706	0.01035	0.00148	0.00111	0.00856	0.01460	0.14977	0.00191	0.00846	0.01395	0.02233	0.00195	0.00608	0.00016	0.00076	0.00200	0.00082	0.10558	0.06336	0.00025	0.04739	0.50129	4.19552	0.04766	0.00200	0.00000	0.00315	0.00098	0.00222	0.01600	0.00666	0.00199	0.00149	0.00292	0.00091	0.00229	0.00644	0.01920	0.00094	0.00041	0.00567
DNov_OT_quotes	0.01431	0.03209	0.00287	0.00566	0.05199	0.03319	0.03576	0.01662	0.01539	0.00447	0.00764	0.01727	0.00686	0.11331	0.00073	0.02129	0.01531	0.00737	0.00051	0.00188	0.00054	0.00056	0.00606	0.00053	0.07223	0.05095	0.00046	0.05408	0.43583	3.51132	0.08266	0.00242	0.00002	0.00292	0.00137	0.00697	0.00568	0.01947	0.00120	0.00040	0.00773	0.00373	0.01442	0.03151	0.02127	0.00228	0.00064	0.02139
DNov_PP_nonquotes	0.05593	0.02356	0.00330	0.00358	0.00409	0.00187	0.04295	0.00627	0.00939	0.00177	0.00150	0.00735	0.01644	0.14652	0.00194	0.00808	0.01208	0.01787	0.00171	0.00546	0.00013	0.00038	0.00173	0.00071	0.10200	0.06387	0.00017	0.04479	0.52417	4.22003	0.04681	0.00158	0.00000	0.00356	0.00131	0.00169	0.02083	0.00595	0.00143	0.00094	0.00269	0.00104	0.00239	0.01442	0.01820	0.00073	0.00029	0.00515
DNov_PP_quotes	0.01879	0.03060	0.00276	0.00497	0.04671	0.02556	0.03101	0.01401	0.01486	0.00330	0.00557	0.01254	0.01046	0.12940	0.00071	0.01840	0.01152	0.00829	0.00073	0.00226	0.00034	0.00055	0.00387	0.00042	0.07443	0.05357	0.00039	0.05151	0.44205	3.66101	0.07257	0.00179	0.00000	0.00495	0.00159	0.00678	0.00672	0.01655	0.00159	0.00061	0.00565	0.00326	0.01040	0.03494	0.02065	0.00150	0.00043	0.01679
DNov_TTC_nonquotes	0.05061	0.02114	0.00369	0.00425	0.00102	0.00021	0.06172	0.01044	0.01146	0.00202	0.00142	0.00825	0.01389	0.15173	0.00151	0.01010	0.01092	0.01838	0.00124	0.00322	0.00018	0.00075	0.00192	0.00101	0.11967	0.06218	0.00024	0.04595	0.46354	4.10524	0.05308	0.00157	0.00001	0.00194	0.00071	0.00251	0.00852	0.00638	0.00147	0.00093	0.00295	0.00081	0.00214	0.00432	0.01299	0.00104	0.00044	0.00641
DNov_TTC_quotes	0.01409	0.03558	0.00231	0.00512	0.06057	0.03079	0.02935	0.01830	0.01437	0.00297	0.00576	0.01421	0.01112	0.11062	0.00064	0.02173	0.01252	0.00924	0.00057	0.00166	0.00041	0.00071	0.00469	0.00083	0.08541	0.05002	0.00041	0.04783	0.43514	3.66388	0.08551	0.00133	0.00000	0.00202	0.00124	0.00681	0.00676	0.01999	0.00205	0.00045	0.00764	0.00302	0.01028	0.01237	0.02220	0.00217	0.00034	0.01735
