doc_id,corpus,subcorpus,SSOL_D1,SSOL_D2,SSOL_D3,Biber_D1
AgnesG,19C,Narration,8.712033769,10.91531176,-2.382847403,5.71
AgnesG,19C,Dialogue,38.99148657,5.382725849,29.20491634,31
Antoni,19C,Narration,-17.95739299,14.72298385,-16.60231242,-14.55
Antoni,19C,Dialogue,-3.685436847,13.09000476,12.60438844,2.54
Deronda,19C,Narration,3.264443429,19.98824032,-10.24638208,-6.26
Deronda,19C,Dialogue,35.45038498,11.15031611,26.23681924,22.46
Jekyll,19C,Narration,-7.283080798,7.970016851,-8.340296108,-3.92
Jekyll,19C,Dialogue,37.77676563,7.966128578,26.30030478,23.94
Jude,19C,Narration,3.138643487,5.771251749,-13.99524152,-4.8
Jude,19C,Dialogue,40.31866084,0.273836565,35.15372974,30.49
LadyAud,19C,Narration,-9.005222383,6.981779157,-12.05505559,-8.24
LadyAud,19C,Dialogue,21.77166082,8.66624063,19.80717971,17
NorthS,19C,Narration,4.865627265,9.098466339,-10.92375784,-1.43
NorthS,19C,Dialogue,31.33539468,6.714716868,24.56397756,22.84
Pomp,19C,Narration,-14.32571488,10.11460409,-13.96318286,-9.76
Pomp,19C,Dialogue,3.590106631,9.106136055,17.59028128,8.73
Prof,19C,Narration,0.683870832,7.91529896,-7.530985002,-1.07
Prof,19C,Dialogue,18.07389242,10.68153964,27.305675,15.92
Tess,19C,Narration,-1.265704294,7.144138372,-14.67301087,-5.87
Tess,19C,Dialogue,39.50366161,1.029137356,34.08299513,31.86
VivianG,19C,Narration,-13.42646534,15.1113531,-10.60488493,-7.87
VivianG,19C,Dialogue,13.1398183,16.32149046,18.03763964,11.45
alli,19C,Narration,11.06851489,12.50202188,-5.056798215,2.32
alli,19C,Dialogue,53.81731864,4.44687106,39.47450083,33.71
arma,19C,Narration,-1.296869062,9.4881049139999991,-7.159741378,-3.38
arma,19C,Dialogue,15.67401504,9.126452014,15.17446157,13.1
basker,19C,Narration,-0.691173085,9.716237584,-8.214199754,-3.82
basker,19C,Dialogue,25.16684203,11.64185588,18.73631962,16.44
cran,19C,Narration,10.6458869,10.19898072,-6.909342488,2.7
cran,19C,Dialogue,31.39608193,3.255957459,12.87120173,20.25
dorian,19C,Narration,-2.061228615,-0.182694825,-13.02533468,-5.46
dorian,19C,Dialogue,37.45539404,8.255784831,26.66138844,24.63
dracula,19C,Narration,11.51927422,1.987166014,-3.324594646,5.09
dracula,19C,Dialogue,18.00246977,5.347292986,20.84079812,18.81
emma,19C,Narration,10.49222949,22.53957818,-8.040231094,3.78
emma,19C,Dialogue,33.03866616,19.38021138,24.21390896,23.65
frank,19C,Narration,-1.273762003,19.88037817,-5.22254897,-1.59
frank,19C,Dialogue,2.996074905,19.87216215,6.128053053,5.47
jane,19C,Narration,4.502803246,2.672428759,-7.896695223,0.56
jane,19C,Dialogue,19.86105582,6.968337958,24.79002862,17.45
mary,19C,Narration,3.709093484,9.106010944,-10.90705131,-0.63
mary,19C,Dialogue,34.09391405,-4.683007477,21.78605327,26.63
mill,19C,Narration,0.576240429,13.36694253,-9.536072834,-5.08
mill,19C,Dialogue,31.28816497,-2.606607888,32.12460927,28.61
native,19C,Narration,-4.934695255,9.020676512,-14.00383121,-7.35
native,19C,Dialogue,40.76683582,0.093178807,31.74179526,29.45
persuasion,19C,Narration,8.492139072,22.83003412,-9.320381541,1.77
persuasion,19C,Dialogue,33.44931382,19.46319118,20.70966379,20.83
pride,19C,Narration,5.80020754,22.25890124,-11.07741902,-0.72
pride,19C,Dialogue,29.69182241,22.42328665,23.16394051,21.78
sybil,19C,Narration,-14.4220919,16.51281367,-11.43608692,-9.81
sybil,19C,Dialogue,20.62647428,10.54925614,25.57310358,16.62
vanity,19C,Narration,-10.7655276,11.0543163,-9.384524672,-5.85
vanity,19C,Dialogue,15.73090891,1.587684203,25.12939415,17.99
wh,19C,Narration,1.309127181,0.385757826,-7.993415846,1.59
wh,19C,Dialogue,21.74582855,-1.541209622,27.69626485,22.47
wwhite,19C,Narration,-0.245875972,12.61671603,-7.165225289,-3.18
wwhite,19C,Dialogue,19.28361395,10.04852736,20.11016371,16.02
BH,DNov,Narration,2.035437514,2.455570959,-6.029074939,-1.91
BH,DNov,Dialogue,25.44496789,6.027811914,27.1676686,23.03
BR,DNov,Narration,-7.111586703,4.749336886,-12.92318071,-4.45
BR,DNov,Dialogue,20.971566,2.708568504,30.9689265,24.64
DC,DNov,Narration,6.357165938,1.58200015,-6.138654695,3.61
DC,DNov,Dialogue,27.1015499,6.766207459,26.34942852,22.55
DS,DNov,Narration,-5.148470724,2.658918538,-11.1607117,-3.79
DS,DNov,Dialogue,26.83418034,5.945308362,28.52658015,24.61
ED,DNov,Narration,-8.136260627,1.260465829,-9.927834871,-5.31
ED,DNov,Dialogue,23.84432027,5.282060562,27.82872291,22.41
GE,DNov,Narration,5.781612831,-0.665013077,-6.928922678,2.22
GE,DNov,Dialogue,29.19250992,-1.003286499,29.57952083,25.46
HT,DNov,Narration,-3.994380004,1.498316979,-12.60347642,-4
HT,DNov,Dialogue,28.5919498,6.343688928,25.82992313,23.16
LD,DNov,Narration,-2.44771359,4.157377096,-11.23403443,-4.56
LD,DNov,Dialogue,30.73740993,7.314358401,27.6861324,24.37
MC,DNov,Narration,-5.716347997,4.675595817,-12.16523901,-4.6
MC,DNov,Dialogue,26.01083291,5.623148124,29.08417017,24.28
NN,DNov,Narration,-8.862788596,9.740869609,-11.34404689,-6.19
NN,DNov,Dialogue,27.1753753,4.9834567850000004,29.74847542,25.56
OCS,DNov,Narration,-6.060793736,6.197629444,-12.31530671,-4.76
OCS,DNov,Dialogue,29.13755527,0.945022771,31.97316003,27.99
OMF,DNov,Narration,-7.131415922,0.334446692,-10.61628989,-5.83
OMF,DNov,Dialogue,28.33396029,1.765491061,29.31861377,25.73
OT,DNov,Narration,-11.1386014,5.196700324,-12.94874736,-6.74
OT,DNov,Dialogue,25.98183366,-1.604952553,29.80823946,26.93
PP,DNov,Narration,-13.6845743,6.471358255,-10.77801281,-7.86
PP,DNov,Dialogue,18.03119289,2.583540161,21.52093757,17.34
TTC,DNov,Narration,-8.194806584,1.075103107,-13.32139859,-5.82
TTC,DNov,Dialogue,21.57798968,6.131700217,22.5698527,19.45
