Filename,Dimension1,Dimension2,Dimension3,Dimension4,Dimension5,Dimension6,Closest Text Type
BH_quotes,16.74,0.91,-0.42,4.32,-0.56,0.43,Involved persuasion
BR_quotes,16.15,1.84,-0.29,4.03,-1.31,0.88,Involved persuasion
DC_quotes,17.47,1.43,-0.51,5.33,-1.04,0.36,Involved persuasion
DS_quotes,16.25,1.34,-0.77,5.04,-1.25,0.96,Involved persuasion
ED_quotes,15.9,1.59,-0.78,4.39,-0.82,0.71,Involved persuasion
GE_quotes,19.81,1.52,-1.04,4.18,-0.67,0.45,Informational interaction
HT_quotes,17.96,1.64,-0.91,5.27,-0.4,0.71,Informational interaction
LD_quotes,17.82,1.8,-0.36,5.32,-0.84,0.9,Involved persuasion
MC_quotes,16.45,1.22,-0.45,4.58,-1.12,0.41,Involved persuasion
NN_quotes,16.71,1.16,-0.17,5.25,-1.46,0.69,Involved persuasion
OCS_quotes,18.96,1.02,-1.53,5.41,-1.19,0.66,Informational interaction
OMF_quotes,18.88,1.13,-0.76,4.83,-0.92,0.41,Informational interaction
OT_quotes,18.53,0.71,-1.61,4.78,-1.57,0.31,Informational interaction
PP_quotes,11.96,1.13,-0.37,2.58,-1.72,0.31,Involved persuasion
TTC_quotes,13.52,2.44,-0.48,3.46,-0.58,1.26,Involved persuasion
DNov_Quotes,16.87,1.39,-0.70,4.58,-1.03,0.63,Involved persuasion