Filename,Tokens,AWL,TTR,AMP,ANDC,[BEMA],[BYPA],CAUS,CONC,COND,CONJ,[CONT],DEMO,DEMP,DPAR,DWNT,EMPH,EX,FPP1,GER,HDG,INPR,JJ,NEMD,NN,NOMZ,OSUB,[PASS],[PASTP],[PEAS],PHC,PIN,[PIRE],PIT,PLACE,POMD,PRED,[PRESP],[PRIV],PRMD,[PROD],[PUBV],RB,[SERE],[SMP],[SPAU],[SPIN],SPP2,[STPR],[SUAV],SYNE,THAC,[THATD],THVC,TIME,TO,TOBJ,TPP3,TSUB,VBD,VPRT,[WHCL],[WHOBJ],[WHQU],[WHSUB],[WZPAST],[WZPRES],XX0,
AgnesG_quotes,22760,3.89,183,0.41,2.46,2.52,0.01,0.07,0.10,0.82,0.18,2.07,0.70,0.52,0.10,0.39,1.00,0.24,6.40,0.22,0.02,0.19,4.76,0.68,13.72,0.94,0.12,0.60,0.03,0.63,0.56,7.15,0.05,1.73,0.20,1.24,1.17,0.06,2.83,1.77,0.39,0.75,5.18,0.09,0.08,0.41,0.00,3.94,0.13,0.29,0.46,0.04,0.94,0.29,0.62,2.32,0.06,4.86,0.06,3.23,6.26,0.22,0.01,0.09,0.04,0.04,0.07,2.04,
alli_quotes,93285,3.68,167,0.60,1.28,2.92,0.03,0.13,0.10,0.77,0.08,3.19,1.09,0.65,0.07,0.30,0.88,0.32,7.79,0.26,0.02,0.22,3.06,0.87,13.07,0.45,0.10,0.57,0.01,1.15,0.21,7.05,0.05,2.19,0.22,1.02,1.17,0.04,3.28,2.29,0.44,0.85,4.85,0.01,0.07,0.47,0,4.03,0.09,0.31,0.25,0.09,0.87,0.62,0.71,2.02,0.08,4.29,0.04,2.29,8.28,0.26,0.04,0.10,0.06,0.03,0.06,2.72,
Antoni_quotes,37036,4.19,204,0.08,1.47,1.84,0.09,0.04,0.08,0.32,0.09,0.01,0.96,0.31,0.06,0.11,0.48,0.17,7.92,0.35,0,0.15,4.14,0.46,18.00,1.73,0.20,0.98,0.09,1.54,0.60,11.54,0.11,1.02,0.30,0.54,0.80,0.07,1.72,1.49,0.06,0.33,3.34,0.05,0.05,0.43,0,3.25,0.10,0.32,0.36,0.06,0.14,0.50,0.67,1.53,0.27,3.81,0.20,3.61,5.46,0.05,0.15,0.06,0.22,0.10,0.05,0.68,
arma_quotes,137287,4.02,180,0.23,1.63,2.07,0.05,0.02,0.04,0.63,0.08,1.32,0.94,0.35,0.05,0.29,0.57,0.27,7.44,0.37,0.01,0.19,4.77,0.31,16.91,1.29,0.16,0.66,0.05,1.47,0.31,10.17,0.09,1.41,0.25,0.91,0.66,0.09,2.18,1.01,0.22,0.99,3.91,0.08,0.09,0.40,0,3.19,0.17,0.44,0.26,0.04,0.35,0.38,0.76,2.13,0.10,3.60,0.09,4.03,5.72,0.19,0.13,0.11,0.19,0.07,0.10,1.13,
basker_quotes,33697,4.03,215,0.47,1.18,2.89,0.05,0.07,0.07,0.47,0.15,0.58,1.47,0.55,0.10,0.26,0.63,0.49,5.75,0.29,0,0.17,4.42,0.49,17.19,1.04,0.18,0.58,0.03,1.46,0.23,9.04,0.14,2.06,0.29,1.12,0.91,0.04,2.52,1.07,0.21,0.72,4.10,0.06,0.14,0.41,0,2.85,0.10,0.32,0.38,0.12,0.31,0.86,0.57,1.57,0.21,3.91,0.01,4.23,6.10,0.09,0.12,0.15,0.31,0.05,0.08,1.11,
cran_quotes,18204,3.91,203,0.60,2.48,2.30,0.04,0.04,0.10,0.58,0.04,1.41,0.76,0.26,0.12,0.35,0.86,0.20,7.30,0.38,0.02,0.07,4.49,0.49,17.13,0.59,0.12,0.63,0.03,1.29,0.51,7.70,0.04,1.73,0.22,0.88,0.99,0.09,2.91,1.22,0.23,0.66,5.21,0.09,0.11,0.40,0,1.75,0.18,0.32,0.32,0.01,0.81,0.27,0.56,1.92,0.07,4.68,0.07,5.70,5.21,0.25,0.01,0.07,0.08,0.07,0.13,1.64,
Deronda_quotes,105235,3.92,215,0.28,1.34,2.88,0.03,0.13,0.07,0.55,0.11,0.87,0.83,0.52,0.05,0.26,0.60,0.36,7.69,0.42,0.01,0.22,4.31,0.72,14.46,0.99,0.15,0.80,0.01,1.29,0.52,8.37,0.03,1.83,0.26,1.11,1.15,0.06,2.69,1.70,0.28,0.69,3.94,0.06,0.12,0.45,0.00,3.52,0.15,0.30,0.31,0.07,0.65,0.38,0.60,2.15,0.11,3.35,0.10,3.53,6.80,0.17,0.03,0.10,0.17,0.04,0.11,1.76,
dorian_quotes,39074,3.95,186,0.45,1.08,3.32,0.02,0.08,0.04,0.41,0.08,1.11,0.87,0.60,0.08,0.34,0.83,0.31,7.25,0.24,0.01,0.21,4.78,0.64,15.24,0.83,0.09,0.56,0.02,1.30,0.25,7.91,0.07,2.19,0.27,0.68,1.47,0.03,2.44,1.18,0.27,0.67,4.36,0.03,0.14,0.48,0,4.29,0.12,0.31,0.25,0.06,0.58,0.38,0.72,1.66,0.15,3.44,0.12,3.32,8.99,0.20,0.03,0.14,0.14,0.04,0.07,1.98,
dracula_quotes,53090,3.78,187,0.20,2.01,2.34,0.04,0.08,0.11,0.57,0.11,0.60,1.28,0.51,0.11,0.24,0.83,0.46,6.87,0.32,0.01,0.14,4.32,0.57,15.80,0.61,0.21,0.56,0.06,0.93,0.50,8.83,0.05,1.58,0.27,1.22,0.86,0.05,2.28,1.47,0.32,0.50,4.76,0.07,0.09,0.33,0.01,2.89,0.22,0.27,0.36,0.08,0.33,0.46,0.85,1.73,0.16,4.32,0.14,2.92,6.67,0.16,0.07,0.07,0.13,0.04,0.09,1.65,
emma_quotes,81527,4.01,174,1.12,1.63,2.91,0.04,0.05,0.07,0.44,0.15,0.06,0.67,0.39,0.10,0.31,1.07,0.30,6.27,0.38,0.01,0.26,4.82,0.80,14.89,1.28,0.14,0.79,0.02,1.23,0.42,8.22,0.03,1.83,0.19,1.24,1.27,0.07,2.94,1.48,0.32,0.77,5.34,0.10,0.14,0.67,0,2.91,0.17,0.35,0.35,0.07,0.64,0.41,0.59,1.98,0.10,4.45,0.05,2.94,6.32,0.20,0.05,0.13,0.08,0.02,0.06,1.85,
frank_quotes,29113,4.36,208,0.27,1.62,1.96,0.13,0.04,0.07,0.33,0.24,0.00,1.15,0.38,0.03,0.30,0.53,0.06,7.70,0.40,0.01,0.10,5.64,0.32,17.02,1.97,0.16,0.95,0.11,1.13,1.09,10.29,0.24,0.91,0.26,0.80,1.01,0.11,1.98,0.94,0.07,0.44,3.72,0.13,0.16,0.55,0,2.59,0.05,0.41,0.25,0.04,0.15,0.47,0.57,1.48,0.17,3.31,0.18,6.33,3.71,0.07,0.20,0.11,0.17,0.10,0.07,0.92,
jane_quotes,78745,4.02,234,0.30,1.72,2.62,0.04,0.11,0.07,0.43,0.11,0.49,0.82,0.33,0.08,0.27,0.61,0.23,6.73,0.36,0.00,0.16,5.20,0.54,16.97,1.22,0.16,0.73,0.05,0.89,0.73,8.33,0.09,1.59,0.26,0.84,1.02,0.07,2.15,1.51,0.24,0.61,4.30,0.06,0.09,0.41,0,4.55,0.11,0.31,0.44,0.04,0.51,0.22,0.74,1.76,0.05,3.36,0.05,3.47,6.75,0.09,0.03,0.15,0.09,0.06,0.08,1.44,
Jekyll_quotes,7405,3.80,209,0.49,1.59,2.55,0.04,0.05,0.07,0.74,0.11,0.86,1.38,0.89,0.16,0.24,0.69,0.47,6.98,0.27,0.03,0.23,4.38,0.58,17.00,0.76,0.08,0.81,0.01,1.12,0.27,8.32,0.05,2.39,0.23,1.11,0.90,0.03,2.98,1.19,0.19,0.57,4.20,0.04,0.15,0.49,0,3.78,0.18,0.39,0.30,0.04,0.82,0.28,0.63,1.80,0.18,2.54,0.07,3.38,7.39,0.12,0.01,0.08,0.14,0.04,0.08,1.16,
Jude_quotes,59309,3.78,206,0.29,1.55,2.72,0.04,0.11,0.14,0.55,0.12,3.08,0.92,0.66,0.19,0.38,0.96,0.29,8.15,0.38,0.01,0.17,4.17,0.79,12.28,0.88,0.15,0.67,0.03,1.10,0.37,7.53,0.03,2.17,0.27,0.95,1.02,0.09,2.62,1.40,0.46,0.73,5.06,0.05,0.11,0.34,0.01,3.82,0.16,0.28,0.30,0.05,0.79,0.31,0.85,2.06,0.08,3.24,0.05,3.28,7.70,0.18,0.03,0.14,0.07,0.05,0.08,2.59,
LadyAud_quotes,64249,3.94,178,0.44,1.72,2.25,0.05,0.09,0.06,0.62,0.06,1.43,1.24,0.39,0.02,0.27,0.54,0.25,7.50,0.39,0.01,0.12,4.99,0.46,17.11,0.97,0.14,0.63,0.03,1.19,0.46,8.84,0.12,1.20,0.28,1.03,0.97,0.08,2.44,1.41,0.26,0.57,4.12,0.05,0.08,0.40,0.00,3.30,0.10,0.27,0.29,0.03,0.42,0.45,0.50,1.93,0.11,4.09,0.09,3.55,5.96,0.15,0.09,0.14,0.20,0.06,0.06,1.24,
mary_quotes,61153,3.67,215,0.24,2.36,2.48,0.02,0.03,0.14,0.62,0.06,3.42,0.64,0.43,0.17,0.23,0.84,0.28,6.71,0.39,0.09,0.10,4.37,0.43,16.42,0.31,0.17,0.70,0.05,0.57,0.44,7.09,0.02,1.72,0.33,1.11,0.85,0.09,2.89,1.94,0.33,0.78,4.85,0.04,0.08,0.36,0,2.87,0.21,0.23,0.39,0.01,0.94,0.22,0.71,2.03,0.02,5.17,0.05,4.17,6.52,0.26,0.01,0.13,0.03,0.03,0.11,1.70,
mill_quotes,73744,3.67,194,0.32,1.52,2.48,0.02,0.15,0.08,0.74,0.07,4.20,0.73,0.50,0.11,0.24,0.62,0.44,7.33,0.30,0.01,0.21,4.13,0.72,15.75,0.66,0.15,0.75,0.03,0.63,0.48,6.81,0.02,1.88,0.30,1.03,0.97,0.07,2.50,1.90,0.39,0.64,4.31,0.02,0.06,0.39,0,4.27,0.22,0.18,0.41,0.02,0.64,0.17,0.63,2.07,0.05,3.18,0.06,2.59,7.41,0.20,0.01,0.07,0.05,0.03,0.07,1.93,
native_quotes,56689,3.75,193,0.28,1.47,2.62,0.04,0.15,0.10,0.62,0.08,1.82,1.10,0.66,0.18,0.40,0.69,0.39,7.51,0.37,0.01,0.23,3.88,0.68,13.37,0.50,0.14,0.63,0.02,1.47,0.28,7.59,0.01,1.90,0.33,1.16,0.93,0.05,2.76,1.76,0.38,0.65,5.07,0.03,0.11,0.52,0.00,3.92,0.16,0.31,0.35,0.06,0.65,0.38,0.93,2.06,0.10,3.51,0.08,3.48,7.17,0.19,0.02,0.15,0.11,0.03,0.09,2.16,
NorthS_quotes,77557,3.85,211,0.39,1.64,2.64,0.05,0.09,0.11,0.68,0.09,1.92,0.83,0.43,0.10,0.36,0.82,0.28,6.97,0.30,0.02,0.12,4.50,0.54,16.09,0.78,0.13,0.60,0.04,1.00,0.47,8.12,0.09,1.76,0.23,1.07,1.13,0.10,2.81,1.70,0.32,0.63,4.52,0.08,0.10,0.41,0,2.90,0.18,0.34,0.34,0.04,0.70,0.34,0.62,1.98,0.07,4.16,0.07,3.21,6.99,0.21,0.03,0.11,0.13,0.05,0.10,1.86,
persuasion_quotes,28990,4.04,215,0.88,1.65,2.89,0.06,0.05,0.09,0.46,0.18,0.07,0.72,0.45,0.05,0.36,0.91,0.27,6.25,0.39,0.01,0.26,4.65,0.80,15.79,0.97,0.17,0.93,0.05,1.35,0.50,8.91,0.04,1.57,0.22,1.22,1.17,0.04,2.94,1.27,0.34,0.72,4.81,0.14,0.13,0.57,0,2.61,0.14,0.36,0.38,0.06,0.66,0.45,0.73,2.07,0.10,4.46,0.04,3.46,5.84,0.18,0.08,0.08,0.10,0.02,0.09,1.66,
Pomp_quotes,58077,4.13,210,0.12,1.35,2.37,0.04,0.03,0.04,0.41,0.14,0.04,1.28,0.44,0.09,0.20,0.54,0.20,6.25,0.22,0.00,0.12,5.93,0.33,20.91,1.11,0.14,0.64,0.05,0.96,0.59,8.99,0.16,1.38,0.25,0.77,0.79,0.06,1.74,1.09,0.10,0.50,3.99,0.08,0.07,0.29,0,3.89,0.06,0.24,0.33,0.05,0.25,0.30,0.56,1.33,0.12,3.33,0.16,2.13,6.95,0.07,0.08,0.10,0.12,0.08,0.06,1.25,
pride_quotes,54627,4.05,182,0.69,1.54,2.86,0.08,0.09,0.12,0.52,0.22,0.04,0.83,0.37,0.05,0.30,1.00,0.28,6.55,0.37,0.00,0.22,4.63,0.75,13.92,1.48,0.13,1.06,0.02,1.21,0.38,8.87,0.08,1.64,0.20,1.28,1.29,0.05,2.77,1.40,0.26,0.75,5.10,0.10,0.12,0.76,0.00,3.28,0.14,0.42,0.38,0.10,0.44,0.56,0.56,2.16,0.08,4.60,0.05,2.83,6.39,0.19,0.11,0.12,0.12,0.03,0.03,1.81,
Prof_quotes,22223,4.22,188,0.20,1.55,2.42,0.06,0.09,0.09,0.44,0.18,0.72,0.74,0.28,0.10,0.25,0.60,0.23,5.47,0.35,0,0.18,5.83,0.49,18.62,1.52,0.13,0.62,0.05,1.05,0.60,8.48,0.11,1.31,0.15,0.83,0.83,0.07,2.19,1.60,0.23,0.51,4.25,0.09,0.04,0.47,0,4.65,0.05,0.22,0.56,0.03,0.50,0.22,0.54,1.76,0.03,3.31,0.02,2.30,6.93,0.08,0.01,0.17,0.05,0.05,0.08,1.36,
sybil_quotes,66981,4.05,201,0.39,1.49,2.83,0.06,0.04,0.10,0.50,0.10,0.82,1.20,0.57,0.10,0.32,0.60,0.36,6.23,0.30,0.00,0.22,4.53,0.64,17.95,1.35,0.08,0.73,0.04,1.17,0.47,8.51,0.11,1.51,0.12,0.92,0.84,0.04,2.22,1.51,0.28,0.66,4.06,0.06,0.04,0.44,0,2.87,0.10,0.30,0.43,0.04,0.62,0.31,0.63,1.48,0.13,3.56,0.12,2.74,7.56,0.13,0.06,0.09,0.16,0.04,0.10,1.55,
Tess_quotes,40393,3.76,214,0.33,1.58,2.49,0.04,0.15,0.12,0.57,0.08,2.30,1.04,0.59,0.25,0.30,0.96,0.32,7.74,0.33,0.02,0.17,4.29,0.61,14.27,0.57,0.18,0.60,0.04,1.05,0.43,7.43,0.03,1.87,0.31,1.08,0.87,0.08,2.69,1.58,0.35,0.72,5.09,0.03,0.12,0.39,0.00,4.34,0.12,0.31,0.29,0.06,0.68,0.35,0.89,1.86,0.09,3.12,0.03,3.10,7.17,0.23,0.02,0.21,0.09,0.03,0.12,2.48,
vanity_quotes,56223,3.92,213,0.32,1.77,2.62,0.04,0.06,0.08,0.40,0.04,2.49,0.93,0.35,0.06,0.25,0.57,0.28,6.55,0.33,0.02,0.11,4.60,0.49,20.76,0.68,0.09,0.62,0.03,0.82,0.59,7.72,0.09,1.32,0.20,0.76,0.86,0.03,1.90,1.51,0.22,0.58,4.17,0.05,0.06,0.29,0,3.82,0.10,0.30,0.27,0.03,0.52,0.30,0.49,1.43,0.09,4.19,0.03,2.95,7.17,0.11,0.07,0.12,0.10,0.03,0.07,1.64,
VivianG_quotes,95093,4.27,224,0.39,1.58,2.60,0.08,0.04,0.11,0.34,0.19,0.13,1.21,0.45,0.11,0.32,0.83,0.28,6.00,0.35,0.01,0.12,5.92,0.49,19.50,1.63,0.09,0.78,0.04,1.15,0.35,9.69,0.20,1.13,0.12,0.82,0.84,0.08,2.24,0.99,0.14,0.58,4.02,0.12,0.09,0.55,0.00,3.05,0.09,0.35,0.35,0.09,0.38,0.48,0.66,1.43,0.14,2.87,0.04,2.70,6.37,0.10,0.15,0.11,0.17,0.04,0.11,1.24,
wh_quotes,51543,3.93,231,0.20,2.56,2.69,0.03,0.13,0.10,0.62,0.12,2.87,0.84,0.37,0.13,0.30,0.59,0.21,7.12,0.42,0.01,0.22,4.12,0.62,15.30,0.80,0.18,0.69,0.04,0.75,0.43,7.57,0.02,1.51,0.25,0.88,1.06,0.14,1.95,2.14,0.22,0.58,4.12,0.03,0.07,0.35,0,4.29,0.17,0.29,0.32,0.06,0.57,0.25,0.69,1.94,0.09,5.24,0.05,3.57,6.50,0.13,0.02,0.15,0.04,0.04,0.12,1.98,
wwhite_quotes,73272,4.04,198,0.25,1.54,2.16,0.05,0.08,0.02,0.65,0.07,0.75,0.95,0.29,0.06,0.25,0.61,0.28,7.16,0.36,0.00,0.22,4.61,0.37,17.21,1.31,0.11,0.68,0.04,1.17,0.47,9.57,0.06,1.51,0.28,0.90,0.80,0.06,2.51,1.06,0.24,0.96,4.23,0.07,0.06,0.39,0,4.09,0.12,0.41,0.38,0.05,0.47,0.39,0.81,2.04,0.11,3.65,0.06,3.12,6.73,0.21,0.09,0.13,0.17,0.05,0.08,1.20,
19C Quotes,57813.14,3.95,201.31,0.39,1.67,2.56,0.05,0.08,0.09,0.54,0.11,1.33,0.97,0.47,0.10,0.29,0.73,0.29,6.95,0.34,0.01,0.18,4.63,0.58,16.30,1.01,0.14,0.71,0.04,1.11,0.47,8.44,0.08,1.65,0.24,0.98,0.99,0.07,2.49,1.47,0.27,0.66,4.45,0.07,0.10,0.44,0.00,3.50,0.13,0.32,0.35,0.05,0.56,0.38,0.67,1.85,0.11,3.85,0.08,3.38,6.66,0.16,0.06,0.12,0.12,0.05,0.08,1.65,