Filename,AMP,ANDC,AWL,CAUS,CONC,COND,CONJ,DEMO,DEMP,DPAR,DWNT,EMPH,EX,FPP1,GER,HDG,INPR,JJ,NEMD,NN,NOMZ,OSUB,PHC,PIN,PIT,PLACE,POMD,PRED,PRMD,RB,SPP2,SYNE,THAC,THVC,TIME,TO,TOBJ,TPP3,TSUB,TTR,VBD,VPRT,XX0,[BEMA],[BYPA],[CONT],[PASS],[PASTP],[PEAS],[PIRE],[PRESP],[PRIV],[PROD],[PUBV],[SERE],[SMP],[SPAU],[SPIN],[STPR],[SUAV],[THATD],[WHCL],[WHOBJ],[WHQU],[WHSUB],[WZPAST],[WZPRES],Underused_variables,Overused_variables,
BH_nonquotes,0.35,2.38,-0.40,-0.47,0.75,0.18,0.19,-0.31,-0.48,-0.30,0.19,-0.12,0.06,0.35,-0.58,-0.38,-0.10,0.14,-0.19,0.54,-0.44,0.36,1.89,0.15,0.46,0.24,-0.26,0.62,-0.60,-1.27,-0.65,0.38,0.67,0.10,0.17,0.09,0.82,1.44,0.62,1.52,0.69,-1.12,-0.39,-1.42,-0.08,-0.68,-0.36,2.00,0.35,1.09,2.24,-0.18,-0.51,1.67,3.00,1.30,-0.56,0.00,-0.11,0.00,0.49,0.40,-0.59,0.00,-0.55,-0.58,0.56,,ANDC [PRESP] [SERE] 
BR_nonquotes,0.15,5.08,-0.08,-0.53,1.38,-0.14,0.19,0.07,-0.29,-0.35,-0.06,-0.31,-0.06,-0.98,-0.61,-0.38,-0.25,0.31,-0.48,0.60,-0.43,0.18,2.37,0.42,0.15,0.26,-0.60,0.15,-0.60,-1.40,-0.67,0.81,0.00,0.03,0.06,-0.18,0.09,2.01,0.25,1.04,1.67,-2.09,-0.72,-1.73,0.08,-0.69,-0.23,3.50,0.44,1.55,3.41,-0.67,-0.63,0.83,5.00,1.00,-0.72,0.00,0.00,-0.13,-0.10,0.00,-0.53,-0.17,-0.10,-0.48,0.44,VPRT ,ANDC PHC TPP3 [PASTP] [PRESP] [SERE] 
DC_nonquotes,0.31,4.71,-0.73,-0.47,0.50,0.41,0.13,-0.29,-0.33,-0.30,-0.06,-0.19,0.00,1.59,-0.61,-0.38,-0.15,-0.34,0.00,-0.05,-0.53,0.45,0.81,0.19,0.42,0.26,-0.20,0.73,-0.57,-1.24,-0.68,0.44,0.17,0.79,0.11,0.18,0.36,1.08,0.50,0.41,1.86,-1.89,-0.43,-1.40,-0.08,-0.65,-0.38,1.50,0.67,1.18,2.24,0.09,-0.46,1.72,4.75,0.90,-0.60,0.00,0.19,0.03,0.93,0.50,-0.65,-0.17,-0.75,-0.61,0.39,,ANDC [PRESP] [SERE] 
DS_nonquotes,0.15,4.88,-0.10,-0.59,0.63,0.23,0.25,-0.33,-0.38,-0.35,0.12,-0.33,0.00,-0.92,-0.58,-0.38,-0.25,0.24,-0.43,0.90,-0.30,0.09,2.19,0.37,0.35,0.32,-0.46,0.27,-0.48,-1.43,-0.61,0.75,0.00,0.31,0.20,-0.29,0.27,2.11,1.37,0.65,1.37,-1.86,-0.54,-1.71,0.00,-0.65,-0.44,2.75,0.37,1.45,2.59,-0.48,-0.60,1.30,3.50,1.10,-0.80,0.00,0.00,-0.03,0.12,0.10,-0.65,0.00,-0.60,-0.55,0.56,,ANDC PHC TPP3 [PASTP] [PRESP] [SERE] 
ED_nonquotes,0.04,3.92,0.18,-0.47,1.00,0.36,0.44,-0.26,-0.46,-0.35,0.06,-0.40,-0.33,-0.97,-0.55,-0.38,-0.15,0.51,-0.33,1.20,-0.37,0.09,1.78,0.49,0.59,0.18,-0.46,-0.08,-0.52,-1.28,-0.64,0.44,0.17,0.07,0.37,-0.45,0.09,1.83,0.62,0.32,0.49,-1.24,-0.70,-1.77,0.15,-0.69,-0.27,1.50,0.40,0.73,2.41,-0.67,-0.63,1.19,2.25,0.90,-0.44,0.00,0.15,0.06,-0.12,-0.20,-0.65,0.33,-0.70,-0.48,0.72,,ANDC [PRESP] [SERE] 
GE_nonquotes,0.04,4.42,-0.75,-0.41,0.50,0.55,0.19,-0.29,-0.29,-0.35,-0.19,-0.36,0.00,1.51,-0.71,-0.31,-0.15,-0.37,0.19,-0.19,-0.53,1.00,1.22,0.30,0.52,0.18,-0.31,0.46,-0.48,-1.29,-0.68,0.56,0.33,0.97,0.34,0.07,1.00,0.88,0.88,0.56,2.01,-2.10,-0.41,-1.47,-0.08,-0.68,-0.32,1.00,1.13,0.91,1.76,0.03,-0.46,1.26,2.75,0.90,-0.48,0.00,0.48,0.06,0.98,0.50,-0.59,0.00,-0.70,-0.61,0.33,VPRT ,ANDC VBD [SERE] 
HT_nonquotes,0.15,3.88,-0.12,-0.47,0.87,0.23,0.19,-0.21,-0.50,-0.35,0.12,-0.14,0.00,-0.82,-0.84,-0.38,-0.15,0.24,-0.38,0.89,-0.37,0.36,1.56,0.29,0.48,0.26,-0.51,0.23,-0.45,-1.36,-0.58,0.69,0.00,0.00,0.09,-0.21,0.18,2.21,0.75,0.12,1.69,-2.03,-0.49,-1.60,-0.08,-0.64,-0.21,2.75,0.48,1.18,2.53,-0.40,-0.57,1.37,2.75,0.90,-0.76,0.00,0.00,0.10,0.12,0.10,-0.59,0.17,-0.45,-0.55,0.33,VPRT ,ANDC TPP3 [PASTP] [PRESP] [SERE] 
LD_nonquotes,-0.04,3.44,-0.10,-0.41,0.75,0.27,0.31,-0.05,-0.33,-0.35,-0.13,-0.29,0.06,-0.79,-0.68,-0.38,-0.10,0.23,-0.29,0.69,-0.24,0.36,1.48,0.43,0.61,0.09,-0.37,0.38,-0.36,-1.46,-0.54,0.50,0.33,0.34,0.06,0.09,0.64,2.12,0.88,1.37,1.56,-2.05,-0.43,-1.51,0.00,-0.67,-0.32,2.25,0.81,1.27,2.06,-0.46,-0.46,1.19,3.00,0.80,-0.52,0.00,-0.04,0.03,0.05,0.10,-0.59,0.00,-0.40,-0.55,0.44,VPRT ,ANDC TPP3 [PASTP] [PRESP] [SERE] 
MC_nonquotes,0.42,4.00,-0.05,-0.47,1.00,0.14,0.13,-0.02,-0.38,-0.35,0.00,-0.21,0.00,-0.98,-0.76,-0.38,-0.15,0.36,-0.48,0.92,-0.22,0.09,1.44,0.38,0.44,0.15,-0.31,0.35,-0.57,-1.44,-0.63,0.69,0.17,0.31,0.11,-0.21,0.36,1.96,0.38,1.28,1.71,-2.06,-0.52,-1.53,-0.08,-0.66,-0.33,2.00,0.50,1.27,2.88,-0.56,-0.57,1.93,4.75,0.80,-0.56,0.00,-0.07,0.06,0.54,-0.10,-0.53,-0.17,-0.45,-0.55,0.39,VPRT ,ANDC [PRESP] [SERE] 
NN_nonquotes,0.69,4.25,0.45,-0.53,0.75,-0.05,0.38,-0.29,-0.35,-0.39,0.38,-0.12,0.17,-0.98,-0.55,-0.46,-0.25,0.49,-0.33,1.24,-0.10,0.27,1.96,0.19,-0.13,0.06,-0.49,-0.15,-0.64,-1.53,-0.67,0.69,0.17,0.38,-0.11,-0.04,0.18,1.43,0.13,1.37,1.71,-2.07,-0.61,-1.78,0.00,-0.67,-0.23,3.50,0.56,1.82,3.71,-0.66,-0.63,2.50,5.00,0.90,-0.56,0.00,-0.04,0.23,0.73,0.00,-0.29,-0.17,0.00,-0.52,0.44,VPRT ,ANDC [PASTP] [PRESP] [PUBV] [SERE] 
OCS_nonquotes,0.46,4.50,-0.05,-0.47,0.63,-0.05,0.44,-0.14,-0.31,-0.35,-0.06,-0.40,-0.11,-0.93,-0.66,-0.38,-0.15,0.59,-0.38,0.54,-0.32,0.27,2.44,0.21,0.17,0.26,-0.57,0.15,-0.55,-1.36,-0.68,0.87,0.17,0.14,0.00,0.09,0.18,1.86,0.62,1.66,1.54,-2.03,-0.62,-1.65,0.00,-0.68,-0.33,2.75,0.46,1.73,3.06,-0.59,-0.66,1.11,4.75,1.10,-0.56,0.00,-0.07,-0.06,0.27,0.00,-0.41,0.00,-0.15,-0.48,0.67,VPRT ,ANDC PHC [PASTP] [PRESP] [SERE] 
OMF_nonquotes,0.00,3.63,0.08,-0.47,0.63,0.27,0.31,-0.26,-0.42,-0.35,-0.25,-0.50,-0.17,-0.92,-0.37,-0.38,-0.30,0.22,-0.38,1.27,-0.38,0.18,1.52,0.37,0.42,-0.03,-0.54,-0.27,-0.55,-1.41,-0.60,0.25,0.00,0.03,0.11,-0.32,0.36,1.87,0.50,-0.40,1.36,-1.82,-0.61,-1.80,0.08,-0.67,-0.35,2.25,0.21,1.18,3.18,-0.60,-0.54,2.11,2.25,1.00,-0.80,0.00,0.04,0.39,0.27,0.10,-0.59,0.00,-0.55,-0.48,0.94,,ANDC [PASTP] [PRESP] [PUBV] [SERE] 
OT_nonquotes,0.38,4.15,0.12,-0.53,0.50,-0.09,0.13,-0.57,-0.38,-0.39,0.19,-0.33,0.11,-0.97,-0.71,-0.46,-0.30,0.29,-0.48,0.97,-0.33,0.09,1.85,0.16,-0.13,0.35,-0.69,-0.15,-0.71,-1.55,-0.67,0.56,0.17,0.14,-0.17,-0.25,0.00,1.57,0.62,0.80,1.86,-2.05,-0.75,-1.85,0.08,-0.68,-0.20,3.75,0.46,1.82,4.35,-0.72,-0.69,2.19,6.00,1.00,-0.52,0.00,0.04,0.10,0.63,-0.20,-0.41,0.00,-0.10,-0.52,0.33,VPRT ,ANDC [PASTP] [PRESP] [PUBV] [SERE] 
PP_nonquotes,0.58,4.04,0.25,-0.53,-0.13,-0.18,0.13,-0.67,-0.42,-0.35,-0.06,-0.33,-0.11,-0.85,-0.66,-0.38,-0.35,0.52,-0.43,1.97,-0.18,-0.09,1.56,0.07,-0.30,0.21,-0.74,-0.31,-0.64,-1.72,-0.56,0.12,-0.17,-0.14,-0.29,-0.48,0.00,0.93,0.25,1.23,1.63,-1.88,-0.72,-1.85,0.15,-0.55,-0.17,3.50,0.23,1.73,2.59,-0.83,-0.60,3.39,4.50,0.30,-0.56,0.00,-0.07,-0.13,0.54,-0.10,-0.47,0.17,-0.15,-0.48,0.44,,ANDC [PASTP] [PRESP] [PUBV] [SERE] 
TTC_nonquotes,-0.15,4.00,-0.12,-0.53,0.50,-0.14,0.25,-0.43,-0.40,-0.35,-0.13,-0.45,0.11,-1.00,-0.50,-0.38,-0.15,0.30,-0.57,0.90,-0.36,0.27,2.41,0.64,0.56,0.29,-0.69,-0.04,-0.76,-1.54,-0.70,0.69,-0.17,-0.07,-0.06,-0.55,0.27,1.85,1.88,0.41,1.63,-2.11,-0.64,-1.63,-0.08,-0.73,-0.11,3.00,0.69,1.09,2.06,-0.77,-0.63,0.52,3.00,0.30,-0.84,0.00,0.26,0.03,-0.29,0.00,-0.59,0.00,-0.25,-0.42,0.44,VPRT ,ANDC PHC [PASTP] [PRESP] [SERE] 
DNov_Nonquotes,0.24,4.09,-0.09,-0.49,0.68,0.13,0.24,-0.27,-0.38,-0.35,0.01,-0.30,-0.02,-0.51,-0.62,-0.39,-0.20,0.25,-0.33,0.83,-0.34,0.26,1.77,0.31,0.31,0.21,-0.48,0.16,-0.57,-1.42,-0.64,0.56,0.13,0.23,0.07,-0.16,0.32,1.68,0.68,0.82,1.52,-1.89,-0.57,-1.65,0.00,-0.67,-0.28,2.53,0.52,1.33,2.74,-0.50,-0.58,1.62,3.82,0.88,-0.62,0.00,0.05,0.05,0.34,0.08,-0.54,-0.00,-0.39,-0.52,0.49,,ANDC [PASTP] [PRESP] [SERE] 