Filename,Words,AWL,TTR,LDE,ABLE,AMP,BEMA,CC,CD,CONC,COND,CONT,CUZ,DEMO,DMA,DOAUX,DT,DWNT,ELAB,EMO,EMPH,EX,FPUH,FREQ,GTO,HDG,HGOT,HST,IN,JJAT,JJPR,MDCA,MDCO,MDMM,MDNE,MDWO,MDWS,NCOMP,NN,PASS,PEAS,PGET,PIT,PLACE,POLITE,POS,PP1P,PP1S,PP2,PP3f,PP3m,PP3t,PROG,QUAN,QUPR,QUTAG,RB,RP,SPLIT,STPR,THATD,THRC,THSC,TIME,URL,VBD,VBG,VBN,VIMP,VPRT,WHQU,WHSC,XX0,YNQU,NNMention
19C_AgnesG_nonquotes.txt,46175,4.3584,0.5275,0.4093,0.0195,0.392,2.0509,6.1635,0.5674,0.2534,0.366,0.0433,0.1862,0.7796,0.1624,0.2036,6.5317,0.3487,0.0585,0.0022,0.6822,0.1668,0.0693,0.758,0.0022,0.1148,0.0108,0.0,14.3801,4.7688,2.3086,0.0736,0.3747,0.2599,0.3833,0.5328,0.1148,0.4851,18.458,0.9442,1.02,0.0065,1.1197,0.2794,0.0325,0.3097,0.5717,5.5744,0.1191,2.5122,1.9881,1.2842,0.2447,1.7001,0.34,0.0,2.6335,0.4266,0.6151,0.0238,0.3443,0.2209,0.5349,0.4916,0.0,7.7185,1.9296,0.8035,0.0217,0.7558,0.0368,1.3384,1.2734,0.0563,0.0
19C_AgnesG_quotes.txt,22716,3.878,0.4625,0.3561,0.0352,0.4622,3.4117,5.5996,0.427,0.1981,0.8364,2.0822,0.0792,1.0169,0.8188,0.9553,4.5122,0.3918,0.0528,0.0088,1.0741,0.2289,0.5899,0.8144,0.0264,0.1101,0.0352,0.0,10.8734,2.9407,3.1256,0.5459,0.3786,0.3126,0.7132,0.722,1.0741,0.2421,14.2939,0.5107,0.788,0.0264,1.7213,0.3434,0.1365,0.2289,0.4842,5.9606,3.9708,1.237,2.5313,1.1094,0.2597,1.9326,0.4842,0.022,2.4476,0.3082,0.5063,0.0396,0.766,0.1849,0.4622,0.5371,0.0,3.0595,0.8144,0.3962,0.2685,5.9562,0.1013,1.6288,2.5269,0.1365,0.0
19C_Antoni_nonquotes.txt,130002,4.7352,0.5775,0.456,0.0046,0.1331,1.0477,4.1953,0.3469,0.1877,0.13,0.0423,0.0946,0.5708,0.01,0.0392,11.2021,0.2331,0.0092,0.0,0.3254,0.0969,0.0215,0.4908,0.0,0.0308,0.0,0.0,16.9797,6.4461,1.6561,0.0115,0.1177,0.1223,0.0623,0.1508,0.0362,0.5969,23.2589,0.9454,1.2315,0.0,1.1023,0.3808,0.0038,0.5031,0.1385,0.1462,0.0354,1.9107,4.203,1.2623,0.1377,1.1269,0.1331,0.0,2.543,0.2785,0.53,0.0115,0.0631,0.4608,0.3215,0.8161,0.0,7.6599,1.7215,1.7961,0.0154,0.6238,0.0115,1.4984,0.5885,0.0162,0.0
19C_Antoni_quotes.txt,37076,4.1795,0.5125,0.3848,0.0135,0.0755,2.4113,3.6951,0.2589,0.1349,0.3183,0.0297,0.1187,0.8469,0.0674,0.1969,7.9647,0.116,0.0054,0.0,0.3452,0.1537,0.232,0.5286,0.0027,0.0108,0.0,0.0,14.5566,2.8266,1.8233,0.2185,0.0998,0.2212,0.4693,0.2589,1.2218,0.4963,19.7163,1.0465,1.5751,0.0027,1.0087,0.4423,0.0162,0.2724,1.1436,6.8427,3.2878,1.2758,1.4834,1.0546,0.1403,0.9386,0.232,0.0,1.6021,0.205,0.4747,0.0189,0.1106,0.6123,0.8415,0.6527,0.0,3.5063,0.7121,0.8442,0.499,5.3404,0.1241,1.8583,1.1166,0.2724,0.0
19C_Deronda_nonquotes.txt,208198,4.5717,0.605,0.4357,0.0192,0.2099,2.1686,4.1638,0.3674,0.1619,0.2997,0.0322,0.0989,0.9049,0.0764,0.1475,7.7359,0.2824,0.061,0.0053,0.3761,0.2181,0.0336,0.4923,0.0245,0.1422,0.012,0.0,15.4992,5.0889,2.0975,0.05,0.2954,0.2997,0.2699,0.44,0.0629,0.5211,22.1746,0.8751,1.5408,0.0106,0.9813,0.3511,0.0235,0.6965,0.1955,0.1441,0.1009,3.7921,3.6115,0.6599,0.3919,1.5682,0.3535,0.0,2.2872,0.5773,0.5216,0.0298,0.2325,0.2781,0.8751,0.4875,0.0005,7.9914,2.2171,0.987,0.024,0.8929,0.0711,1.9923,1.1311,0.0687,0.0
19C_Deronda_quotes.txt,104628,3.9191,0.5425,0.3567,0.0162,0.2992,3.9043,3.7963,0.4024,0.1233,0.5563,0.9051,0.1644,1.0408,0.519,0.7197,5.5817,0.2581,0.0411,0.0105,0.4463,0.345,0.3747,0.7426,0.0459,0.1415,0.0306,0.0,11.7397,2.7278,2.7411,0.5018,0.2638,0.3412,0.7933,0.5438,1.1259,0.3307,15.643,0.7474,1.3018,0.0182,1.8236,0.4358,0.1166,0.3011,0.9261,6.8309,3.5574,1.0724,1.6143,0.6853,0.3651,1.6621,0.7646,0.0048,1.6544,0.5457,0.5199,0.0717,0.606,0.2504,0.7445,0.5075,0.0,3.4064,1.0007,0.41,0.2466,6.7305,0.1491,1.7567,2.1228,0.1415,0.0
19C_Jekyll_nonquotes.txt,18359,4.2994,0.5625,0.4298,0.0109,0.2397,2.0644,5.2944,0.5883,0.1362,0.1634,0.0109,0.1797,1.2147,0.1198,0.0708,10.2348,0.2615,0.0381,0.0,0.4957,0.1906,0.049,0.6209,0.0,0.098,0.0,0.0,15.1315,4.2268,2.2006,0.0599,0.2015,0.1253,0.1797,0.207,0.1089,0.5011,22.1308,1.0022,1.1656,0.0,1.1765,0.3595,0.0109,0.4031,0.0545,3.5895,0.098,0.1634,3.4806,0.4957,0.1416,1.3236,0.2179,0.0,2.6581,0.7081,0.6373,0.0109,0.3323,0.3758,0.4793,0.7244,0.0,9.5866,1.133,1.231,0.0218,0.6482,0.0381,1.3454,0.6427,0.0599,0.0
19C_Jekyll_quotes.txt,7409,3.7836,0.525,0.3639,0.0,0.5129,3.7927,3.9681,0.6479,0.0945,0.7558,0.8773,0.1215,1.8896,0.7558,0.6209,6.1547,0.2429,0.0135,0.0,0.4049,0.4589,0.3644,0.7288,0.0405,0.081,0.0135,0.0,10.9731,2.7669,2.4025,0.5534,0.1755,0.3779,0.6209,0.2834,0.8638,0.4049,17.9241,0.7423,1.1742,0.0,2.389,0.5399,0.0945,0.4319,0.9583,6.0602,3.8062,0.0405,2.2405,0.2564,0.2564,1.5387,0.5399,0.0,2.119,0.4724,0.4724,0.027,0.7153,0.2699,0.6749,0.5399,0.0,3.2663,0.4724,0.4049,0.2429,7.3019,0.135,1.5522,1.4982,0.2429,0.0
19C_Jude_nonquotes.txt,88606,4.4305,0.55,0.4298,0.0214,0.1636,1.8543,4.4715,0.667,0.2426,0.2122,0.0609,0.1253,0.7539,0.0463,0.2201,9.1326,0.3397,0.0463,0.0056,0.404,0.1783,0.0305,0.4007,0.0135,0.1287,0.0068,0.0,14.7191,4.353,1.755,0.0181,0.3171,0.1264,0.1614,0.3194,0.026,0.9074,21.1972,0.8036,1.562,0.0056,0.9932,0.5451,0.0158,0.5406,0.0271,0.2088,0.1377,3.2029,5.0132,1.2358,0.3318,1.3475,0.2584,0.0011,2.6646,0.8148,0.4853,0.0305,0.2991,0.1817,0.6907,0.6298,0.0,9.9271,2.1251,0.9401,0.0158,0.3792,0.0248,1.6918,0.9254,0.0361,0.0
19C_Jude_quotes.txt,59062,3.7695,0.515,0.3378,0.0288,0.3065,4.0161,3.7723,0.491,0.2049,0.5638,3.134,0.1456,1.2919,0.9803,1.429,4.6223,0.3826,0.0457,0.0034,0.6586,0.2337,0.9007,0.7264,0.0796,0.2049,0.061,0.0,11.0799,2.7327,2.599,0.5418,0.2303,0.1947,0.8398,0.5757,0.8533,0.4504,13.2623,0.5994,1.3274,0.0254,2.152,0.7958,0.1456,0.2167,1.0294,7.2365,3.9247,1.3308,1.2732,0.6959,0.4148,1.8066,0.5384,0.0356,2.2366,0.5977,0.4385,0.0457,0.6959,0.1862,0.6011,0.7619,0.0,3.1916,0.894,0.3691,0.3302,7.5023,0.1439,1.8811,2.9528,0.2184,0.0
19C_LadyAud_nonquotes.txt,87995,4.4972,0.525,0.4763,0.0148,0.3284,1.4762,4.1264,0.6909,0.0921,0.2136,0.033,0.0727,1.0273,0.0761,0.1284,9.5392,0.2739,0.017,0.0034,0.3568,0.1921,0.0125,0.4341,0.008,0.1364,0.0023,0.0,14.6554,6.1242,1.8092,0.0341,0.1898,0.1523,0.15,0.2046,0.0193,1.2967,25.0742,0.6409,1.4364,0.0,0.7762,0.3443,0.0136,0.8455,0.0398,0.4887,0.0636,2.757,4.4753,0.4455,0.2227,1.2751,0.175,0.0,2.2524,0.5568,0.3682,0.0159,0.2057,0.2739,0.4762,0.3262,0.0,8.9187,1.774,1.1455,0.0159,0.5637,0.033,1.649,0.5921,0.0614,0.0
19C_LadyAud_quotes.txt,64256,3.9182,0.445,0.3841,0.0296,0.4482,3.0052,3.9561,0.6459,0.0949,0.6396,1.4442,0.1105,1.2621,0.621,0.6754,5.7847,0.2723,0.014,0.0078,0.4716,0.2303,0.2755,0.663,0.0482,0.1292,0.028,0.0,12.1685,3.6215,2.4091,0.4404,0.2412,0.3284,0.4918,0.4249,0.9696,0.498,18.3547,0.6474,1.3431,0.0016,1.1828,0.484,0.1416,0.4513,0.3782,7.134,3.3149,1.4894,2.213,0.3922,0.2879,1.396,0.3704,0.0047,1.8022,0.4747,0.4342,0.0156,0.3611,0.2117,0.8279,0.3486,0.0,3.4798,0.6567,0.4933,0.1992,5.8329,0.1494,1.9018,1.5843,0.1634,0.0
19C_NorthS_nonquotes.txt,107651,4.3193,0.5175,0.4312,0.0158,0.2908,2.0966,4.5527,0.471,0.2099,0.458,0.3521,0.0836,0.7329,0.0892,0.2675,6.6892,0.3586,0.0158,0.0009,0.5248,0.2006,0.1653,0.5137,0.013,0.0613,0.013,0.0,14.3454,4.1244,2.2443,0.0474,0.3771,0.2016,0.2722,0.4487,0.118,0.6865,21.2381,0.7469,1.3915,0.0037,1.1194,0.4403,0.026,0.7283,0.1022,0.5453,0.117,5.0747,3.4092,1.0014,0.3409,1.8959,0.2452,0.0019,2.5973,1.0237,0.4821,0.0242,0.3242,0.2285,0.5862,0.4877,0.0,9.1694,1.8346,0.9503,0.0279,0.7106,0.0604,1.6135,1.1194,0.0325,0.0
19C_NorthS_quotes.txt,77523,3.8314,0.5275,0.3686,0.0168,0.4089,3.7924,4.0246,0.5134,0.1793,0.685,1.9594,0.1225,1.0668,0.5082,0.9146,4.845,0.3599,0.0271,0.0064,0.6617,0.258,0.7675,0.7224,0.04,0.1251,0.0335,0.0,11.4701,2.9449,2.7063,0.4618,0.2799,0.338,0.6205,0.7133,0.9636,0.5392,16.4803,0.6024,1.1235,0.0116,1.7517,0.525,0.1432,0.4063,0.8655,6.1479,2.9527,1.277,1.9994,0.9081,0.3651,2.02,0.3999,0.0245,2.0562,0.6385,0.4605,0.0451,0.6424,0.1729,0.5495,0.5134,0.0,3.0804,1.0036,0.4773,0.3715,6.789,0.16,1.753,2.2587,0.1845,0.0
19C_Pomp_nonquotes.txt,93462,4.5679,0.5475,0.4709,0.0053,0.1295,1.4348,4.9517,0.4419,0.1798,0.1519,0.0546,0.1273,0.9811,0.0481,0.0974,11.5983,0.2204,0.03,0.0,0.5542,0.1263,0.1851,0.5072,0.0,0.0974,0.0011,0.0,14.9547,5.7478,1.9741,0.0439,0.1391,0.1252,0.0802,0.1198,0.0642,0.5628,23.5957,0.8517,0.8249,0.0,1.1502,0.3467,0.0075,0.2311,0.306,0.2172,0.3199,1.8114,3.4185,1.0774,0.0792,1.0742,0.1701,0.0,2.3806,0.275,0.3574,0.0086,0.2857,0.2867,0.3435,0.6227,0.0,8.7362,1.6092,1.4327,0.0749,1.0646,0.0321,1.5889,0.7436,0.0471,0.0
19C_Pomp_quotes.txt,57775,4.1281,0.5125,0.4376,0.0,0.1264,3.1709,4.0104,0.4518,0.161,0.4293,0.0467,0.1437,1.4106,0.3981,0.2821,7.6936,0.2008,0.0208,0.0069,0.4414,0.1904,0.8879,0.54,0.0035,0.064,0.0052,0.0,11.3198,3.7992,2.4111,0.3289,0.1367,0.3029,0.3306,0.2717,0.8291,0.4898,20.7373,0.6612,0.9693,0.0017,1.383,0.3652,0.0346,0.2406,1.0593,5.3033,4.09,0.8879,1.627,0.8429,0.0796,1.0835,0.2441,0.0035,1.8468,0.199,0.3341,0.0156,0.2198,0.3167,0.6421,0.5781,0.0,1.9264,0.5002,0.7166,0.7287,7.0325,0.2666,1.7949,1.6339,0.3427,0.0
19C_Prof_nonquotes.txt,66036,4.4138,0.5475,0.4406,0.0106,0.3271,2.0156,4.7701,0.583,0.2483,0.1908,0.0515,0.159,0.7935,0.1242,0.2362,7.7533,0.3377,0.0424,0.0061,0.4331,0.1454,0.0697,0.6133,0.0091,0.0848,0.0167,0.0,13.8364,4.867,2.7364,0.0515,0.2271,0.1499,0.1802,0.2832,0.1333,0.7375,21.2581,0.7132,1.1721,0.0045,1.1993,0.3089,0.0136,0.365,0.312,5.6727,0.2241,2.6713,1.8399,0.6269,0.1953,1.375,0.2135,0.003,2.4547,0.4906,0.4952,0.0182,0.3044,0.0833,0.4725,0.636,0.0,8.7013,1.7188,1.3281,0.0182,1.3205,0.0409,1.3371,1.1615,0.05,0.0
19C_Prof_quotes.txt,22299,4.192,0.4675,0.4163,0.009,0.2287,3.1481,3.9822,0.5337,0.1883,0.4485,0.7086,0.1525,0.9417,0.6682,0.6772,5.4532,0.2511,0.0448,0.0045,0.5112,0.2108,0.3588,0.6503,0.0224,0.1211,0.0179,0.0,11.2292,3.3006,2.6145,0.426,0.1749,0.2287,0.5202,0.5157,1.0763,0.5875,18.4851,0.565,1.0673,0.0135,1.296,0.4126,0.0807,0.3139,0.1839,5.3231,4.6729,1.7714,0.8969,0.6503,0.2018,1.3274,0.3812,0.0135,1.9194,0.3274,0.5337,0.0135,0.444,0.0628,0.3049,0.5471,0.0,2.1257,0.9193,0.5292,0.2377,6.5698,0.2601,1.6638,1.9463,0.3453,0.0
19C_Tess_nonquotes.txt,111341,4.4628,0.5325,0.4319,0.0099,0.1455,1.9831,4.1395,0.6377,0.2398,0.265,0.0216,0.1464,0.8559,0.0584,0.1922,9.5212,0.3539,0.0467,0.0009,0.4419,0.1994,0.0314,0.414,0.0099,0.1114,0.0081,0.0,15.0609,4.6649,1.8645,0.0189,0.3521,0.1644,0.1356,0.3359,0.0287,0.9502,22.1491,0.8029,1.5771,0.0036,1.1101,0.5757,0.0153,0.5551,0.0242,0.1536,0.141,4.3713,2.8794,1.5098,0.2551,1.2852,0.2712,0.0009,2.5947,0.6619,0.5039,0.0242,0.1868,0.203,0.6565,0.5919,0.0,8.9823,1.9544,1.0014,0.0225,0.4149,0.0386,1.6535,0.9969,0.0395,0.0
19C_Tess_quotes.txt,40162,3.7487,0.5375,0.3449,0.0299,0.3585,3.6104,3.9067,0.4332,0.2017,0.5577,2.3256,0.2241,1.3794,1.0732,1.3844,4.5167,0.3038,0.0398,0.0025,0.7171,0.2689,1.1528,0.7445,0.0946,0.1668,0.0573,0.0,10.8087,2.7414,2.2509,0.5926,0.2141,0.2888,0.6822,0.5304,1.0732,0.5005,14.5237,0.5478,1.245,0.0249,1.8649,0.7246,0.1145,0.2938,0.9511,6.8946,4.5217,0.9661,1.5238,0.6573,0.3312,1.6508,0.4581,0.0349,2.2235,0.6001,0.5104,0.0448,0.605,0.1618,0.6723,0.8565,0.0,2.9406,0.9387,0.4108,0.2764,6.9618,0.1668,2.0243,2.8136,0.2141,0.0
19C_VivianG_nonquotes.txt,97745,4.6557,0.53,0.4683,0.0113,0.2936,2.0963,4.6181,0.6179,0.1923,0.1166,0.0194,0.0757,0.755,0.1013,0.1545,10.7494,0.3683,0.0184,0.0,0.4931,0.1432,0.0512,0.5085,0.0061,0.1258,0.0072,0.0,14.2821,5.8039,1.8149,0.0409,0.1606,0.1217,0.1596,0.1504,0.0634,0.8543,26.0126,1.1008,0.9382,0.0072,0.755,0.2292,0.0143,0.5617,0.2865,0.2374,0.266,1.0456,4.0688,0.8297,0.2302,1.2707,0.1954,0.0,1.8579,0.3898,0.5586,0.0113,0.2333,0.089,0.5473,0.5422,0.0,8.0158,1.7198,1.2205,0.0481,1.418,0.0593,1.6523,0.9054,0.0389,0.0
19C_VivianG_quotes.txt,95074,4.253,0.56,0.4024,0.0105,0.4186,3.4394,3.6193,0.6143,0.2104,0.3471,0.1441,0.1104,1.3337,0.4207,0.5038,7.2123,0.324,0.02,0.0053,0.6753,0.2566,0.4849,0.6732,0.0358,0.1462,0.0252,0.0,12.1642,4.4323,2.1794,0.427,0.1336,0.2577,0.5101,0.3103,0.6837,0.507,21.2403,0.832,1.1496,0.0063,1.1286,0.3124,0.0547,0.3692,1.0192,5.0098,3.0923,0.3176,2.071,0.4891,0.2914,1.5188,0.3723,0.0063,1.8659,0.2935,0.6258,0.0126,0.3134,0.1546,0.9161,0.6174,0.0,2.5759,0.8919,0.6574,0.346,6.2762,0.1956,1.9364,1.6324,0.1851,0.0
19C_alli_nonquotes.txt,167958,4.2315,0.4875,0.3902,0.0339,0.5025,2.556,4.5726,0.5561,0.212,0.2661,0.0988,0.1792,1.1336,0.1203,0.3435,6.7178,0.365,0.0333,0.0018,0.4793,0.2608,0.0351,0.5906,0.0155,0.1274,0.0167,0.0,14.2935,3.2121,2.0803,0.0697,0.3441,0.3197,0.4418,0.7216,0.1352,0.5317,20.5462,1.1509,2.0648,0.0095,1.1318,0.3281,0.0125,0.5734,0.1244,0.5674,0.2715,3.1305,5.6806,0.8943,0.2614,1.6153,0.34,0.0018,2.2523,0.5716,0.6621,0.0048,0.3376,0.1381,1.4944,0.5233,0.0,8.67,1.3283,0.6662,0.0232,0.9675,0.0649,1.5724,1.5415,0.1119,0.0
19C_alli_quotes.txt,93106,3.6688,0.4175,0.3242,0.0183,0.6294,4.1608,3.5186,0.4565,0.1031,0.8012,3.2415,0.174,1.2846,1.0021,1.3587,4.1684,0.305,0.0086,0.0,0.7658,0.2964,0.5596,0.9033,0.1192,0.1278,0.0934,0.0,10.4537,1.8087,2.5165,0.5295,0.1869,0.2932,0.928,0.798,1.4865,0.2363,13.5254,0.5338,1.3017,0.0204,2.1749,0.5832,0.1203,0.247,0.7443,7.1037,4.0739,1.3254,2.4306,0.5574,0.3254,1.9225,0.6176,0.0387,2.0353,0.5252,0.5778,0.0247,0.7765,0.1815,1.1288,0.6831,0.0,2.1932,0.5703,0.2664,0.2191,8.2025,0.1826,1.5434,3.0073,0.217,0.0
19C_arma_nonquotes.txt,164144,4.3904,0.535,0.4329,0.0079,0.156,1.6278,3.4512,0.6433,0.1109,0.2809,0.173,0.0329,0.6458,0.1072,0.1316,10.1405,0.1651,0.0085,0.0079,0.3113,0.2041,0.0439,0.6001,0.0055,0.0548,0.0335,0.0,15.3889,4.5905,1.5645,0.1109,0.1572,0.2096,0.1182,0.1986,0.145,0.7822,22.9932,0.6744,1.5773,0.0012,1.0217,0.3783,0.0292,1.0503,0.1596,2.1244,0.3272,1.6211,5.0541,0.5239,0.2547,1.1837,0.2888,0.0043,2.7738,0.5818,0.4313,0.0207,0.2181,0.2882,0.4161,0.5319,0.0,8.4292,1.7984,0.8218,0.0506,1.5188,0.095,1.517,0.6811,0.1109,0.0
19C_arma_quotes.txt,136699,4.0144,0.4475,0.3781,0.0154,0.2465,2.7586,3.2356,0.6233,0.09,0.6584,1.3533,0.0395,1.0161,0.2882,0.6408,6.9913,0.2933,0.0176,0.0139,0.4016,0.2648,0.248,0.5925,0.0198,0.0834,0.0805,0.0,13.6292,3.4053,1.9071,0.4272,0.1507,0.3263,0.3285,0.2802,0.7176,0.5201,18.7646,0.6613,1.4667,0.0015,1.395,0.4587,0.147,0.6225,0.7264,6.7513,3.2144,1.1317,2.0578,0.4009,0.3285,1.3936,0.4631,0.0241,2.1134,0.5113,0.4594,0.0483,0.3072,0.1953,0.6635,0.556,0.0,3.9269,1.1902,0.4711,0.4192,5.5172,0.1448,1.8735,1.4228,0.2341,0.0
19C_basker_nonquotes.txt,25828,4.2426,0.4975,0.4311,0.0271,0.2865,2.0753,4.4061,0.5808,0.0581,0.2478,0.0,0.1162,0.8944,0.0619,0.0852,9.5865,0.2013,0.0155,0.0,0.4878,0.3523,0.0116,0.5033,0.0,0.0891,0.0077,0.0,14.2326,5.2966,1.8856,0.0503,0.3368,0.2246,0.2672,0.2013,0.1123,0.7898,21.2173,0.755,1.5177,0.0,1.4674,0.5459,0.0077,0.2749,1.6107,3.2794,0.2904,0.6892,3.5698,0.484,0.391,1.3319,0.2788,0.0,2.0017,0.6737,0.4104,0.0232,0.2207,0.0891,0.9215,0.4878,0.0,9.1412,1.1886,0.9602,0.0426,1.3783,0.0503,1.8159,0.635,0.0465,0.0
19C_basker_quotes.txt,33755,4.0137,0.54,0.3664,0.0652,0.4888,3.6409,3.475,0.7258,0.1037,0.4947,0.5895,0.1392,1.4961,0.6547,0.6873,7.0567,0.2577,0.0593,0.0,0.4947,0.4651,0.16,0.5125,0.0089,0.1274,0.0237,0.0,11.7553,3.1581,2.0116,0.3851,0.3437,0.3792,0.5303,0.4385,0.6103,0.5184,18.7528,0.5718,1.5316,0.0,2.0471,0.5392,0.1185,0.2963,1.3331,4.4349,2.8618,0.3851,3.087,0.4385,0.3348,1.5138,0.477,0.0119,1.8605,0.5362,0.4562,0.0178,0.2489,0.157,1.5998,0.6162,0.0,4.109,0.7347,0.4681,0.1926,5.928,0.1511,2.0619,1.5198,0.1333,0.0
19C_cran_nonquotes.txt,53483,4.2659,0.5725,0.4196,0.0112,0.4656,2.3391,4.9455,0.6245,0.1739,0.4936,0.1141,0.1122,0.7012,0.1197,0.2954,7.034,0.3496,0.0636,0.0019,0.5385,0.1458,0.0318,0.6563,0.028,0.0954,0.0206,0.0,14.2026,3.9489,2.2736,0.028,0.4338,0.1851,0.3104,0.3964,0.0337,0.7984,21.8537,0.9124,1.5033,0.0075,1.0564,0.2599,0.028,0.6694,1.1817,2.4643,0.0617,3.6385,1.6959,0.8115,0.2973,1.8641,0.2879,0.0,2.4325,0.8582,0.5572,0.0262,0.344,0.1907,0.7516,0.4824,0.0,9.145,1.4397,0.8563,0.0037,0.7161,0.0299,1.9109,0.9798,0.0505,0.0
19C_cran_quotes.txt,18197,3.8736,0.5075,0.3769,0.011,0.61,3.4236,4.9239,0.588,0.1759,0.577,1.3189,0.0659,0.7913,0.4891,0.8628,4.9624,0.3462,0.022,0.0,0.6485,0.1978,0.7639,0.9892,0.0385,0.1484,0.0659,0.0,11.0293,2.973,2.9126,0.2748,0.3407,0.2748,0.5221,0.6155,0.6155,0.6759,17.97,0.566,1.2749,0.0055,1.7091,0.3682,0.1868,0.4781,0.8573,6.4626,1.7695,1.8739,2.1047,0.7254,0.3242,1.8629,0.3572,0.0055,2.1322,0.6924,0.4451,0.0385,0.7419,0.1759,0.4836,0.5605,0.0,5.6823,1.0936,0.3792,0.1868,4.9514,0.1099,1.786,1.9948,0.0989,0.0
19C_dorian_nonquotes.txt,40441,4.3374,0.6075,0.457,0.0124,0.1855,1.9782,4.4806,0.5761,0.0841,0.1681,0.0173,0.0223,0.5341,0.1088,0.0841,8.8821,0.2324,0.0247,0.0,0.3017,0.366,0.0223,0.4995,0.0198,0.0816,0.0124,0.0,13.9957,4.8738,2.0128,0.0173,0.2275,0.1039,0.1286,0.4055,0.0049,0.8753,22.9173,0.7196,1.5504,0.0074,1.5455,0.3388,0.0099,0.3388,0.1855,0.0742,0.0371,1.1746,6.7135,0.863,0.3635,1.1919,0.3635,0.0,1.9535,0.7542,0.3412,0.0396,0.136,0.8259,0.4649,0.3412,0.0,10.979,1.5826,1.2883,0.0074,0.591,0.1409,1.2364,0.5761,0.1706,0.0
19C_dorian_quotes.txt,39168,3.9298,0.4675,0.3649,0.0179,0.457,4.5164,2.9718,0.5949,0.074,0.4289,1.1515,0.1072,1.0059,0.4953,1.1004,5.216,0.3396,0.0383,0.0,0.651,0.3038,0.2911,0.9881,0.0843,0.1072,0.0434,0.0,10.6694,3.3088,2.9744,0.4264,0.1225,0.1225,0.7149,0.4596,0.7327,0.337,16.2199,0.5208,1.2766,0.0153,2.1421,0.3651,0.1174,0.314,0.7634,6.5079,4.2969,1.0723,1.4859,0.8834,0.3242,1.7004,0.7787,0.0306,2.0246,0.3651,0.5285,0.0766,0.5208,0.4008,0.7685,0.5259,0.0,3.1556,0.6,0.3676,0.4519,8.7342,0.2528,1.7974,2.2748,0.2094,0.0
19C_dracula_nonquotes.txt,108036,4.045,0.54,0.4009,0.0361,0.2342,2.3029,5.028,0.6378,0.1314,0.3462,0.0805,0.099,0.5998,0.0981,0.2786,7.7798,0.3018,0.037,0.0019,0.5082,0.3823,0.0815,0.5267,0.0046,0.0648,0.025,0.0,13.5001,3.5942,2.2807,0.1731,0.4008,0.2555,0.3767,0.2638,0.2703,0.5868,18.815,0.6424,1.0608,0.0056,1.3486,0.4961,0.0185,0.4406,1.381,4.6235,0.1851,1.3357,3.4035,0.7155,0.4332,1.779,0.3647,0.0019,2.6519,0.909,0.3999,0.0231,0.3573,0.1925,0.9201,0.6905,0.0,8.5833,1.2829,0.6285,0.0444,2.6463,0.0352,1.556,1.0376,0.0342,0.0
19C_dracula_quotes.txt,52940,3.773,0.4625,0.35,0.0132,0.204,3.5266,4.6808,0.4741,0.1813,0.5799,0.6309,0.1927,1.2713,0.3797,0.6555,5.3683,0.2456,0.0302,0.0,0.6876,0.459,0.4628,0.493,0.0189,0.0774,0.0189,0.0,11.6736,2.9581,2.4386,0.5723,0.1341,0.5157,0.6573,0.3608,1.1069,0.4401,16.258,0.5535,0.9482,0.0,1.5621,0.5837,0.0774,0.2815,1.802,5.1228,2.9883,0.8802,2.6955,0.7612,0.2588,2.1269,0.408,0.0057,2.0665,0.5497,0.3929,0.0548,0.2777,0.4175,1.0162,0.884,0.0,2.807,0.4892,0.3268,0.4798,6.7529,0.1662,1.9399,2.0665,0.1681,0.0
19C_emma_nonquotes.txt,79681,4.4701,0.5375,0.4093,0.0439,0.8446,2.8501,5.1192,0.4531,0.2184,0.2008,0.0414,0.0891,0.5434,0.118,0.2347,6.4344,0.4079,0.0427,0.0025,0.8697,0.2497,0.054,0.6551,0.0113,0.0879,0.0038,0.0,14.2016,3.8403,2.7736,0.0264,0.7003,0.2761,0.4945,0.4719,0.0264,0.305,20.8519,1.2713,1.5248,0.0025,1.4658,0.3075,0.0615,0.7166,0.0251,0.1205,0.0728,4.5168,2.943,0.9325,0.4618,2.4661,0.3288,0.0,2.4937,0.4129,0.8258,0.0427,0.2987,0.1406,0.7392,0.7292,0.0,8.4211,1.8988,0.8258,0.0176,0.2849,0.0213,1.4809,1.447,0.0289,0.0
19C_emma_quotes.txt,80800,4.0185,0.4325,0.3588,0.0248,1.1658,4.0804,3.9431,0.5668,0.1151,0.4505,0.0903,0.0941,0.8119,0.5743,0.8453,4.6869,0.3144,0.0136,0.0136,1.13,0.302,0.4418,0.9851,0.0334,0.1361,0.0062,0.0,11.401,3.1844,3.2364,0.5012,0.3453,0.3985,0.8106,0.5557,0.9344,0.2723,16.4864,0.7265,1.2376,0.005,1.8255,0.4183,0.1572,0.3998,0.7376,5.5804,2.9196,1.8713,1.87,0.7129,0.375,2.349,0.4059,0.0111,2.3601,0.37,0.7079,0.0458,0.5582,0.1597,0.7104,0.5594,0.0012,2.8577,1.052,0.4134,0.2327,6.4022,0.0804,1.5309,2.2426,0.0829,0.0
19C_frank_nonquotes.txt,45947,4.4563,0.5875,0.4211,0.0283,0.1741,1.8652,5.3714,0.4179,0.2089,0.2459,0.0087,0.1698,1.073,0.0305,0.185,8.2508,0.3613,0.0239,0.0044,0.5398,0.0784,0.074,0.6268,0.0,0.0958,0.0,0.0,14.2643,4.3833,1.924,0.1306,0.2699,0.2655,0.3003,0.2612,0.1872,0.3286,20.5868,1.1666,1.3189,0.0,0.9272,0.3526,0.0065,0.1458,0.5006,7.6958,0.3199,0.7748,2.1351,0.6159,0.1219,1.1949,0.1828,0.0,1.6519,0.2176,0.6029,0.0152,0.1523,0.3874,0.6333,0.5985,0.0,8.6404,1.1927,0.9424,0.0261,1.4908,0.111,1.8848,0.901,0.0805,0.0
19C_frank_quotes.txt,29096,4.3583,0.5225,0.409,0.0172,0.2784,2.5089,5.6193,0.4159,0.1993,0.3265,0.0241,0.1959,1.2373,0.0722,0.4399,7.0181,0.3059,0.0137,0.0,0.5602,0.0619,0.189,0.598,0.0034,0.0756,0.0,0.0,12.8024,4.0899,2.4333,0.2715,0.2509,0.2784,0.3265,0.2234,0.7149,0.2268,19.3051,1.0448,1.1651,0.0,0.8867,0.2097,0.0309,0.0859,0.464,7.2759,2.6224,0.9933,1.4469,0.8798,0.079,1.2682,0.2543,0.0,1.6463,0.2303,0.6186,0.0034,0.1031,0.3849,0.7939,0.6186,0.0,6.537,0.8214,0.787,0.244,3.5434,0.2028,1.9693,1.2201,0.1615,0.0
19C_jane_nonquotes.txt,107979,4.2985,0.605,0.4385,0.0083,0.2399,1.9782,5.0964,0.5733,0.1815,0.1991,0.0352,0.1334,0.789,0.1121,0.1908,7.8654,0.3241,0.0352,0.0065,0.3741,0.1602,0.0519,0.6501,0.0083,0.0861,0.0102,0.0,12.8673,4.1304,2.5125,0.0537,0.313,0.1084,0.2074,0.3093,0.0759,0.8391,20.8605,0.7826,1.1206,0.0028,1.3466,0.4547,0.0185,0.326,0.2371,6.1679,0.1584,1.9587,2.6181,0.7474,0.2649,1.3253,0.2287,0.0009,2.4329,0.6418,0.476,0.0176,0.3741,0.1139,0.3769,0.7344,0.0,10.3974,1.6049,1.2891,0.0417,0.8705,0.0759,1.3466,1.091,0.0537,0.0
19C_jane_quotes.txt,78965,3.9999,0.5875,0.3871,0.0089,0.3166,3.4699,4.4602,0.5661,0.1355,0.4635,0.4876,0.1456,0.9713,0.6079,0.7573,5.5911,0.2685,0.0317,0.0519,0.5015,0.2001,0.3242,0.6762,0.0165,0.1292,0.0177,0.0,11.1163,3.152,2.8608,0.4065,0.2077,0.2216,0.5711,0.4534,1.046,0.5028,18.1194,0.6965,0.9042,0.0076,1.5792,0.4952,0.0823,0.2571,0.3584,6.4028,4.5894,1.4475,1.3259,0.5825,0.271,1.4323,0.3723,0.0114,2.0617,0.5293,0.4749,0.0228,0.4635,0.1216,0.4103,0.7054,0.0,3.3534,0.675,0.6231,0.3938,6.4839,0.2761,1.5855,1.9084,0.2672,0.0
19C_mary_nonquotes.txt,102061,4.3508,0.5825,0.4333,0.0098,0.2087,1.9047,5.0049,0.5252,0.2567,0.3566,0.0764,0.0627,0.7535,0.1176,0.2214,7.5269,0.3273,0.0431,0.0029,0.5996,0.2038,0.1411,0.584,0.0059,0.0774,0.0049,0.0,14.364,4.4346,2.3574,0.0451,0.3694,0.2312,0.2352,0.4076,0.0539,0.7094,21.4901,0.8387,1.3071,0.0029,0.9965,0.4145,0.0206,0.7496,0.0696,0.2254,0.1617,4.4689,3.4519,0.9896,0.3028,1.891,0.2342,0.0,2.521,0.8671,0.4507,0.0245,0.2783,0.1695,0.4772,0.5918,0.0,8.927,1.9861,1.0592,0.0235,0.6966,0.0676,1.7127,0.9818,0.0705,0.0
19C_mary_quotes.txt,60969,3.6576,0.54,0.3813,0.0049,0.2444,3.7658,4.8106,0.5544,0.2083,0.6347,3.5493,0.0459,0.9054,0.5675,0.8791,4.335,0.2345,0.018,0.0033,0.6315,0.2559,1.0186,0.8955,0.0344,0.1558,0.0492,0.0,10.9236,2.3553,2.8391,0.5396,0.3166,0.2591,0.4724,0.7627,1.0825,0.5905,15.9491,0.5839,0.9333,0.0164,1.7091,0.5216,0.123,0.369,0.9382,5.839,2.9704,1.8436,2.4422,0.9283,0.4281,1.9042,0.2952,0.023,2.1339,0.7922,0.497,0.0394,0.8119,0.1443,0.3313,0.6118,0.0,4.1874,0.9989,0.4576,0.3805,6.2786,0.1968,1.7927,2.1519,0.2083,0.0
19C_mill_nonquotes.txt,138307,4.4257,0.5725,0.4462,0.0145,0.3348,2.2291,4.263,0.3948,0.175,0.3377,0.0947,0.1063,1.0028,0.0745,0.1533,7.7032,0.2928,0.0369,0.0029,0.4533,0.2654,0.0282,0.6717,0.021,0.1164,0.0094,0.0,14.8568,5.4307,2.0874,0.0434,0.2711,0.18,0.2899,0.4476,0.0499,0.7151,23.1941,0.8467,1.3897,0.0036,1.0853,0.3283,0.0202,0.8062,0.1634,0.1605,0.1699,3.2182,3.2507,0.7729,0.3615,1.5256,0.3586,0.0022,2.4012,0.6919,0.522,0.0181,0.2509,0.3348,0.8069,0.4512,0.0,8.3358,2.1156,0.8438,0.0195,0.9493,0.0492,1.6745,1.0715,0.0441,0.0
19C_mill_quotes.txt,72570,3.6884,0.49,0.3646,0.0138,0.3335,3.8625,3.8928,0.5236,0.1116,0.7565,4.5515,0.1585,1.0445,0.6807,0.8681,5.1826,0.2425,0.0124,0.0248,0.4823,0.4313,1.1327,0.8998,0.0482,0.0827,0.2053,0.0,10.8364,2.6058,2.468,0.5429,0.2329,0.2604,0.7524,0.7138,1.1561,0.4396,16.1306,0.6435,0.9908,0.0124,1.8823,0.4726,0.175,0.3886,0.773,6.5923,4.3034,0.8667,1.6467,0.7138,0.3293,1.7859,0.6931,0.022,1.7542,0.7165,0.4754,0.0524,0.5843,0.1709,0.3348,0.525,0.0014,2.3577,0.8185,0.3693,0.3776,7.3405,0.1254,1.655,2.4804,0.153,0.0
19C_native_nonquotes.txt,86703,4.5039,0.5475,0.4462,0.0127,0.1511,2.0622,3.9733,0.6793,0.2203,0.1949,0.015,0.1269,0.9561,0.0577,0.1338,10.2199,0.3529,0.0369,0.0,0.3345,0.1695,0.0115,0.4994,0.0058,0.1096,0.0069,0.0,15.214,4.3609,1.7312,0.0242,0.286,0.1822,0.1165,0.2653,0.0358,0.8258,22.9877,0.9688,1.4152,0.0046,1.1234,0.6159,0.0035,0.6217,0.0427,0.128,0.0877,3.0518,3.3413,0.85,0.286,1.2687,0.2422,0.0,2.5905,0.7001,0.5225,0.0381,0.316,0.1546,0.5871,0.5698,0.0,9.7471,1.9723,0.9896,0.0092,0.5132,0.0334,1.7912,0.8316,0.0254,0.0
19C_native_quotes.txt,56529,3.7329,0.48,0.3376,0.023,0.2937,3.7768,3.4177,0.5873,0.1716,0.6351,1.8203,0.1999,1.4152,1.0738,1.1941,4.7445,0.4069,0.0212,0.0,0.536,0.352,0.7341,0.7642,0.0885,0.1327,0.0637,0.0,10.8546,2.3209,2.4165,0.5926,0.2512,0.3131,0.7111,0.6386,1.1074,0.3538,13.547,0.5502,1.5673,0.0195,1.8805,0.7554,0.1716,0.2937,0.6245,7.0017,4.0546,1.5691,1.4594,0.5148,0.4033,1.6593,0.5449,0.0177,2.3758,0.7784,0.582,0.0336,0.5997,0.2353,0.7536,0.9217,0.0,3.3646,0.8668,0.3096,0.26,6.9292,0.1911,1.9211,2.5597,0.2211,0.0
19C_persuasion_nonquotes.txt,54474,4.5314,0.565,0.4074,0.0275,0.6664,2.7408,5.2686,0.5966,0.2405,0.1615,0.0257,0.0955,0.5507,0.1065,0.1744,6.906,0.4791,0.0367,0.0018,0.7214,0.2552,0.0257,0.6994,0.0055,0.0918,0.0073,0.0,14.9594,4.0441,2.4379,0.0184,0.6627,0.235,0.4516,0.3525,0.0147,0.3084,21.3331,1.2428,1.7495,0.0018,1.2116,0.3341,0.0404,0.6866,0.0184,0.0386,0.022,3.9927,2.7169,1.4466,0.391,2.2249,0.514,0.0,2.2708,0.3984,0.749,0.0569,0.2442,0.0808,0.7086,0.6609,0.0,7.98,2.0487,0.9326,0.0055,0.2643,0.0386,1.5035,1.3621,0.0257,0.0
19C_persuasion_quotes.txt,29008,4.0289,0.5375,0.3572,0.0276,0.917,3.9024,3.9162,0.6515,0.1379,0.4826,0.0827,0.1,0.9342,0.5274,0.7205,5.0607,0.3585,0.0379,0.0069,0.8722,0.262,0.3378,0.8825,0.0207,0.1448,0.0069,0.0,12.1277,3.1681,2.8613,0.4792,0.3103,0.4309,0.8205,0.5723,0.7067,0.2723,16.8126,0.9032,1.3479,0.0,1.5513,0.4757,0.0827,0.3723,0.9204,5.3606,2.6579,1.1893,2.42,0.8618,0.4723,2.1029,0.6446,0.0138,2.3097,0.3309,0.6826,0.0586,0.555,0.1655,0.7136,0.6136,0.0,3.368,1.0997,0.4413,0.1827,5.9466,0.1069,1.5961,2.0822,0.2034,0.0
19C_pride_nonquotes.txt,68034,4.6101,0.4975,0.4126,0.0367,0.4792,2.5634,4.752,0.4674,0.2954,0.1529,0.0412,0.1352,0.5688,0.0853,0.2014,6.4482,0.388,0.0559,0.0015,0.6982,0.1705,0.0265,0.6585,0.0044,0.0632,0.0029,0.0,15.4099,3.1352,2.3532,0.0265,0.5541,0.2205,0.2852,0.3572,0.0456,0.3278,21.7641,1.317,1.3229,0.0029,1.0818,0.3131,0.0426,0.7011,0.022,0.2807,0.1176,4.9593,3.2278,1.5654,0.2646,2.0078,0.4101,0.0,2.2459,0.3425,0.829,0.025,0.3219,0.1308,0.854,0.7673,0.0,9.3688,1.83,0.7437,0.0073,0.2411,0.0162,1.855,1.2935,0.0059,0.0
19C_pride_quotes.txt,53707,4.0959,0.46,0.3524,0.0354,0.7429,3.9976,3.8114,0.5251,0.1452,0.5474,0.0614,0.1787,0.8509,0.4078,0.7262,4.3495,0.3016,0.0428,0.0056,0.9924,0.2886,0.3333,0.903,0.0168,0.1564,0.0168,0.0,12.4099,3.1765,3.0778,0.5698,0.2774,0.4394,0.7746,0.4208,0.9906,0.2234,15.767,1.0055,1.227,0.0019,1.6516,0.3314,0.121,0.3426,0.8137,5.7981,3.2882,1.4151,2.361,0.8174,0.2495,2.0165,0.6368,0.0149,2.333,0.3035,0.8565,0.0577,0.3891,0.1266,0.9831,0.4971,0.0019,2.7036,1.093,0.4618,0.2532,6.4237,0.1992,1.7298,2.2548,0.162,0.0
19C_sybil_nonquotes.txt,92038,4.6648,0.5475,0.4735,0.0043,0.2781,1.8471,4.8958,0.5758,0.2695,0.1521,0.0619,0.0891,0.8822,0.0532,0.0913,10.2773,0.3183,0.0206,0.0,0.3955,0.2532,0.0304,0.5411,0.0033,0.0891,0.0033,0.0,13.9008,5.2859,1.8753,0.0532,0.1641,0.1651,0.1532,0.1923,0.0684,0.7942,25.9415,1.0018,1.2886,0.0011,0.9159,0.214,0.0185,0.213,0.2347,0.1825,0.1293,1.4429,3.1096,1.2756,0.2119,1.5037,0.2336,0.0033,1.7373,0.3868,0.4987,0.0076,0.7671,0.3716,0.4933,0.4074,0.0,9.2929,1.4798,1.2234,0.0185,1.0832,0.0348,1.7754,0.8323,0.0532,0.0
19C_sybil_quotes.txt,67008,4.0401,0.4975,0.3771,0.0149,0.4268,3.7428,4.1398,0.8193,0.1612,0.5059,0.87,0.0821,1.5118,0.5507,0.6163,6.8007,0.3164,0.0269,0.0015,0.5432,0.3462,0.4253,0.7954,0.0448,0.0925,0.0537,0.0,10.9957,3.1787,2.0341,0.4522,0.1791,0.2895,0.6611,0.4895,1.0282,0.6163,19.5499,0.7581,1.1461,0.0075,1.4909,0.4686,0.0701,0.2612,1.4491,4.8114,2.8952,0.4328,1.5879,1.5446,0.2507,1.5715,0.488,0.0209,1.6908,0.4253,0.4999,0.0239,0.5432,0.2865,0.5775,0.5268,0.0,2.5534,0.5552,0.5164,0.2656,7.514,0.1567,1.764,2.046,0.1164,0.0
19C_vanity_nonquotes.txt,250353,4.439,0.57,0.4513,0.0076,0.393,1.952,5.3469,0.6047,0.1634,0.1821,0.1003,0.0771,0.9247,0.0927,0.1797,8.7141,0.2213,0.0459,0.0008,0.4717,0.1538,0.0679,0.544,0.0152,0.0759,0.0096,0.0004,14.1516,5.2222,1.8446,0.0543,0.1734,0.1574,0.2057,0.3199,0.0919,0.9147,25.6282,0.8504,1.0565,0.0024,0.7054,0.3431,0.016,0.9746,0.2736,0.4078,0.2177,2.8699,3.4991,0.8208,0.2652,1.3868,0.2277,0.002,1.8274,0.7242,0.2932,0.0168,0.2053,0.1039,0.588,0.3148,0.0,7.8953,1.4563,0.7581,0.0447,1.3605,0.0783,2.1701,0.8053,0.0731,0.0
19C_vanity_quotes.txt,56325,3.8965,0.5275,0.4005,0.0124,0.3231,3.7301,4.0302,0.8273,0.1012,0.4154,2.5513,0.0746,1.0439,0.4368,0.8557,5.6937,0.245,0.0142,0.0018,0.4953,0.2734,0.5664,0.632,0.0408,0.0533,0.0692,0.0,10.1926,3.4834,2.3116,0.3071,0.1669,0.2841,0.4918,0.5078,1.0244,0.6161,21.2996,0.561,0.9339,0.0036,1.3014,0.5415,0.0994,0.6676,0.7972,5.8074,3.8793,1.6724,2.0772,0.4616,0.2929,1.3529,0.3835,0.0249,1.4913,0.5504,0.3356,0.016,0.506,0.1509,0.5362,0.4101,0.0,2.7945,0.4794,0.3764,0.4971,6.9685,0.2539,1.9334,1.9547,0.3054,0.0
19C_wh_nonquotes.txt,67027,4.4201,0.6125,0.4396,0.0075,0.2104,1.6352,5.4202,0.5207,0.2298,0.2715,0.3566,0.0865,0.5714,0.0612,0.2924,7.3299,0.2581,0.009,0.0015,0.3387,0.1208,0.091,0.4849,0.0164,0.088,0.0119,0.0,12.9366,3.7104,2.0827,0.0656,0.3073,0.1611,0.2417,0.4028,0.1522,0.4834,19.8189,0.6579,0.8534,0.0045,1.1652,0.3998,0.0254,0.5311,0.5252,4.5519,0.2775,3.2614,4.4609,0.6027,0.1775,1.0682,0.2104,0.0015,2.5199,0.7818,0.3073,0.0328,0.5938,0.1969,0.4416,0.3939,0.0,10.5465,2.6288,0.8608,0.0582,0.9131,0.0671,1.0518,1.1383,0.0463,0.0
19C_wh_quotes.txt,51444,3.9177,0.5775,0.3752,0.0117,0.208,3.5806,4.8072,0.4996,0.1711,0.6454,2.8964,0.1575,1.0128,0.4626,0.8417,4.6497,0.3071,0.0117,0.0,0.4432,0.1691,0.6143,0.6648,0.0447,0.0952,0.0233,0.0,10.6135,2.3385,2.6961,0.4179,0.2197,0.2546,0.6434,0.7542,1.3763,0.3635,15.9027,0.6123,0.9642,0.0156,1.5045,0.589,0.1244,0.3305,0.5793,6.6422,4.3834,1.5357,3.1568,0.5812,0.3635,1.2285,0.4024,0.033,2.0974,0.6901,0.4199,0.0233,0.5404,0.1477,0.5054,0.5754,0.0,3.5514,1.2596,0.3965,0.5268,6.2806,0.241,1.2518,2.3249,0.3013,0.0
19C_wwhite_nonquotes.txt,174771,4.3301,0.5075,0.4141,0.0143,0.2026,1.8458,3.7552,0.6065,0.1036,0.2741,0.0372,0.0704,0.8377,0.0727,0.1247,8.6342,0.2666,0.0246,0.0017,0.3942,0.1579,0.0326,0.5762,0.004,0.0658,0.0103,0.0,15.6462,4.5145,1.6891,0.103,0.2821,0.2066,0.1991,0.1808,0.0744,0.6237,21.1425,0.8154,1.546,0.0011,1.0499,0.4211,0.0303,0.6935,0.6569,5.3304,0.0944,2.616,2.4049,0.5304,0.2443,1.403,0.2815,0.0,2.723,0.5316,0.5579,0.0166,0.2689,0.2352,0.6912,0.5504,0.0,8.32,1.5374,0.7295,0.0395,1.2765,0.0681,1.665,0.8239,0.0807,0.0
19C_wwhite_quotes.txt,73463,4.0101,0.49,0.3795,0.0082,0.2695,2.9226,3.4412,0.5894,0.0599,0.6602,0.7718,0.0994,1.0373,0.5554,0.8467,5.7621,0.2518,0.0095,0.0014,0.4478,0.2586,0.3417,0.5908,0.0245,0.0708,0.0504,0.0,12.9208,3.1131,2.2406,0.4329,0.1443,0.3172,0.3852,0.2355,0.8235,0.3852,18.7686,0.6548,1.1693,0.0054,1.4946,0.633,0.1661,0.5622,0.8848,6.3297,4.1218,1.5409,1.6171,0.4996,0.2736,1.5777,0.4737,0.0163,2.0378,0.4383,0.4506,0.0313,0.4125,0.2028,0.6085,0.5445,0.0,3.0042,0.9066,0.4342,0.5527,6.4264,0.1606,1.82,1.6185,0.3281,0.0
DNov_BH_nonquotes.txt,217125,4.3088,0.5975,0.4372,0.0143,0.3883,2.1163,4.9617,0.5195,0.1644,0.3003,0.1165,0.1009,0.7945,0.1119,0.158,7.55,0.2261,0.017,0.0,0.6213,0.2174,0.035,0.7042,0.0207,0.0636,0.0129,0.0,14.1964,4.5296,2.0661,0.099,0.2229,0.169,0.1907,0.2146,0.0889,0.7922,22.0122,0.7544,1.0381,0.0014,1.3241,0.4444,0.0263,0.5191,0.6425,2.9932,0.0857,1.6157,3.9618,0.6291,0.2657,1.6405,0.3583,0.0005,2.4009,0.8161,0.421,0.0216,0.3657,0.2073,0.7774,0.473,0.0,6.0721,2.2287,0.9313,0.0318,4.0355,0.0304,1.6419,0.8792,0.0378,0.0
DNov_BH_quotes.txt,141199,3.9141,0.4775,0.3668,0.0227,0.4412,3.9483,4.0319,0.5786,0.1438,0.5701,1.8839,0.1721,1.4058,0.6247,0.9299,5.2507,0.1827,0.0397,0.0,0.6608,0.2458,0.5694,0.6848,0.0347,0.1147,0.0574,0.0,11.2359,3.1502,2.7351,0.3874,0.1848,0.3392,0.5021,0.437,0.7691,0.4072,17.35,0.8258,1.0921,0.0064,2.0305,0.6905,0.2061,0.3633,0.7047,6.755,3.7387,0.847,1.8258,0.4986,0.2458,1.6296,0.5113,0.0184,1.9526,0.6296,0.4356,0.0411,0.4582,0.2047,0.7266,0.6169,0.0007,2.3931,0.9235,0.4922,0.3513,7.5333,0.1608,1.7904,2.0878,0.2061,0.0
DNov_BR_nonquotes.txt,171726,4.4498,0.5725,0.4473,0.007,0.3278,1.6427,5.8209,0.6312,0.1788,0.2318,0.0897,0.078,1.0855,0.0716,0.0891,8.5945,0.1852,0.0402,0.0012,0.5031,0.198,0.0291,0.5509,0.0052,0.0873,0.0093,0.0,14.8562,4.8018,1.9356,0.0175,0.2131,0.1345,0.1153,0.2824,0.0262,0.5771,22.1574,0.8845,1.0924,0.0017,1.1245,0.4228,0.0157,0.3937,0.0443,0.1153,0.0635,1.128,4.9206,1.4395,0.2149,1.7004,0.2853,0.0006,2.4912,0.8397,0.3989,0.0146,0.2382,0.1275,0.6604,0.4664,0.0,9.3102,2.6571,1.0657,0.0169,0.421,0.0111,1.8128,0.7361,0.0128,0.0
DNov_BR_quotes.txt,85056,3.8458,0.495,0.3661,0.0059,0.3504,3.8422,4.1772,0.5632,0.1681,0.6549,2.3502,0.1046,1.6166,0.5185,1.0393,5.2589,0.1717,0.0259,0.0035,0.5538,0.2739,0.863,0.7466,0.04,0.0905,0.0282,0.0,10.8093,3.2731,2.4854,0.3727,0.1411,0.3127,0.462,0.5714,0.8747,0.341,16.7231,0.7313,1.1181,0.0071,1.6707,0.7301,0.1552,0.2786,0.9053,6.1371,4.4147,0.6008,2.128,0.7054,0.2022,1.7059,0.4679,0.0188,1.9164,0.6125,0.3586,0.0423,0.4197,0.2128,0.6666,0.5208,0.0,2.5101,0.8054,0.4762,0.6043,7.5738,0.2516,2.0116,2.1727,0.261,0.0
DNov_DC_nonquotes.txt,244149,4.1787,0.5325,0.4134,0.0123,0.3768,2.1778,4.7799,0.5144,0.1597,0.3563,0.1888,0.0922,0.9064,0.0758,0.1864,7.0121,0.1888,0.0246,0.0004,0.5427,0.1978,0.05,0.7327,0.0168,0.0614,0.0156,0.0,14.3978,3.844,1.975,0.0528,0.2941,0.1569,0.2232,0.2691,0.0487,0.6467,19.8162,0.7221,1.2087,0.0041,1.2955,0.4522,0.025,0.4198,0.7237,6.1491,0.0553,2.1757,2.7016,0.514,0.3072,1.6437,0.3813,0.0,2.3219,0.8265,0.4198,0.0315,0.5431,0.2073,0.8433,0.4747,0.0,9.6978,2.2134,0.7094,0.0197,1.2087,0.0217,1.819,0.8777,0.0283,0.0
DNov_DC_quotes.txt,115728,3.9098,0.445,0.3665,0.0199,0.4208,4.3334,3.8124,0.4822,0.1279,0.6783,2.1162,0.1339,1.1337,0.6481,0.865,4.9089,0.1858,0.0397,0.0,0.674,0.2964,0.7976,0.7561,0.051,0.1184,0.0501,0.0,11.2246,3.1626,2.8861,0.3681,0.2134,0.3422,0.5496,0.5098,0.7958,0.375,17.1246,0.7172,1.2452,0.0069,1.7869,0.5729,0.2203,0.337,0.8174,6.8402,3.6931,1.3437,1.6936,0.4744,0.2402,1.653,0.5159,0.0233,1.9338,0.5055,0.445,0.051,0.4986,0.2169,0.782,0.6161,0.0,2.6251,0.8053,0.5176,0.318,7.4088,0.1339,1.8794,2.1248,0.1858,0.0
DNov_DS_nonquotes.txt,250151,4.4344,0.5425,0.4544,0.0092,0.3286,1.7342,5.3899,0.4245,0.1847,0.325,0.1811,0.0851,0.8867,0.0708,0.1515,8.2274,0.2159,0.0312,0.0004,0.4881,0.2103,0.0436,0.706,0.0164,0.0676,0.0124,0.0,14.5828,4.7219,1.948,0.0404,0.2287,0.1515,0.1275,0.3106,0.0468,0.6904,23.531,0.7236,1.0422,0.0016,1.2488,0.4653,0.014,0.5697,0.0524,0.2646,0.1475,2.6904,4.2902,0.7256,0.2558,1.3692,0.295,0.0016,2.2702,0.8831,0.3786,0.0228,0.3282,0.2654,0.6804,0.4645,0.0,8.273,2.4901,1.0797,0.0244,1.2736,0.0264,1.593,0.8627,0.0312,0.0
DNov_DS_quotes.txt,109903,3.885,0.5125,0.3724,0.0164,0.4759,4.049,4.0026,0.3958,0.1611,0.6788,2.1137,0.0983,1.2347,0.666,0.8617,4.4266,0.232,0.0264,0.0018,0.6733,0.3721,0.8043,0.7225,0.0391,0.1137,0.0382,0.0,10.9533,3.1091,2.7297,0.3476,0.242,0.3849,0.4695,0.5259,0.8307,0.2903,17.7284,0.777,1.1701,0.0055,1.646,0.7889,0.2247,0.3676,0.6515,6.867,4.0299,0.8753,1.7816,0.3731,0.2357,1.5932,0.6033,0.0191,1.939,0.464,0.4377,0.0437,0.4158,0.2184,0.9172,0.6733,0.0,2.2647,0.7934,0.5832,0.4031,7.4757,0.1893,2.1155,2.1173,0.1438,0.0
DNov_ED_nonquotes.txt,54605,4.5217,0.53,0.4672,0.0055,0.2894,1.6683,4.7761,0.5421,0.152,0.3425,0.108,0.1245,0.901,0.0806,0.108,8.5853,0.2124,0.0311,0.0018,0.4761,0.1612,0.044,0.6538,0.0147,0.0861,0.0128,0.0,14.8778,5.0728,1.868,0.0696,0.1392,0.2051,0.1447,0.2747,0.0623,1.0713,24.5728,0.8589,1.0695,0.0037,1.3973,0.3681,0.0147,0.5494,0.0696,0.1245,0.0971,1.5695,4.5783,0.912,0.174,1.3918,0.2857,0.0,2.6829,0.8699,0.4267,0.0201,0.2106,0.1447,0.6245,0.4304,0.0,5.4574,2.6353,1.2233,0.0769,3.5967,0.0403,1.1995,0.7197,0.0458,0.0
DNov_ED_quotes.txt,40540,3.93,0.48,0.3714,0.0049,0.3873,3.5471,4.1021,0.3922,0.1603,0.4909,1.2827,0.1579,1.1667,0.5501,0.8436,5.0567,0.1899,0.0543,0.0,0.6907,0.2245,0.5871,0.6117,0.0592,0.111,0.0296,0.0,11.3666,3.219,2.7331,0.3774,0.1924,0.4415,0.518,0.3799,0.9127,0.4933,16.776,0.7893,1.0533,0.0025,2.0498,0.5846,0.1998,0.3133,0.8559,6.9857,4.2995,0.4613,1.8352,0.481,0.2393,1.5072,0.3971,0.0222,2.4075,0.592,0.4613,0.0271,0.4317,0.2047,0.9768,0.5649,0.0,2.3483,1.0779,0.6463,0.4292,7.1411,0.1628,1.8007,2.1214,0.1973,0.0
DNov_GE_nonquotes.txt,132946,4.1667,0.5425,0.4021,0.0158,0.2941,2.0377,5.157,0.5318,0.1557,0.3783,0.1452,0.1068,0.9019,0.0933,0.1542,7.5527,0.1677,0.0203,0.0,0.4686,0.2016,0.0181,0.7161,0.0354,0.0684,0.0263,0.0,14.6465,3.8181,1.8143,0.0263,0.3039,0.1361,0.2745,0.3468,0.0158,0.7492,19.4823,0.7717,1.4374,0.0098,1.3502,0.434,0.0143,0.4483,0.8086,5.8324,0.0481,1.2058,3.2216,0.5303,0.3332,1.457,0.34,0.0023,2.4348,1.047,0.4776,0.0323,0.4709,0.252,0.9884,0.4867,0.0,10.1357,2.1249,0.786,0.0196,0.4468,0.0286,1.6006,0.9034,0.0286,0.0
DNov_GE_quotes.txt,54753,3.7886,0.435,0.356,0.0183,0.3123,3.9377,4.2317,0.6703,0.1224,0.5662,2.4912,0.1224,1.399,0.8876,1.0849,4.9751,0.1717,0.0402,0.0,0.5096,0.3306,0.5936,0.8255,0.0694,0.0712,0.0603,0.0,10.772,2.7615,2.4273,0.3233,0.2173,0.3817,0.5059,0.5223,0.7762,0.5023,16.2256,0.8255,1.1123,0.0164,2.0182,0.7579,0.1589,0.3141,0.4584,5.9942,4.9532,1.0009,2.1296,0.4694,0.2447,1.5232,0.4055,0.031,1.9469,0.7306,0.4365,0.0566,0.537,0.1461,0.7141,0.6739,0.0,3.1195,0.9515,0.5461,0.4566,7.143,0.1845,1.9853,2.2118,0.2046,0.0
DNov_HT_nonquotes.txt,59103,4.4235,0.5175,0.4504,0.0051,0.3316,1.9238,4.6918,0.6548,0.1997,0.3113,0.1912,0.0897,0.9018,0.0998,0.1777,7.9353,0.2183,0.0254,0.0034,0.5803,0.1929,0.2335,0.6768,0.0068,0.0728,0.0051,0.0,14.512,4.5581,2.1082,0.0288,0.2369,0.1387,0.1455,0.2724,0.0947,0.7563,23.075,0.8595,1.1049,0.0085,1.3265,0.4924,0.0186,0.4433,0.0744,0.5144,0.1861,2.9186,4.1165,0.9373,0.1844,1.6192,0.3265,0.0,2.2943,0.89,0.3875,0.0118,0.2876,0.1844,0.5922,0.4467,0.0,9.2973,2.2638,1.0879,0.0643,0.5787,0.0491,1.4754,0.8866,0.0575,0.0
DNov_HT_quotes.txt,45085,3.8944,0.41,0.3626,0.0133,0.4148,3.5688,3.6842,0.5124,0.173,0.6388,1.8299,0.1575,1.3042,0.6321,0.9271,4.975,0.2373,0.0311,0.0067,0.6366,0.2529,1.2532,0.8273,0.0555,0.1131,0.0754,0.0,11.7423,2.8346,2.6173,0.4436,0.1708,0.3726,0.4614,0.4614,0.834,0.5323,16.4179,0.8051,1.3486,0.0022,1.6746,0.641,0.1774,0.2595,0.4525,6.8426,4.3318,0.8916,1.9142,0.5168,0.2529,1.5415,0.4747,0.0177,2.0406,0.5501,0.4769,0.0488,0.4303,0.2307,0.7741,0.6233,0.0,2.6128,0.9471,0.5235,0.3549,7.1864,0.1708,1.9851,2.1648,0.1686,0.0
DNov_LD_nonquotes.txt,219713,4.4254,0.5825,0.4397,0.0137,0.2795,1.9862,4.5373,0.5635,0.1643,0.3313,0.1488,0.1088,0.9822,0.0942,0.1557,8.2116,0.1848,0.0282,0.0014,0.5157,0.2153,0.0614,0.68,0.0123,0.0792,0.0187,0.0,14.9481,4.8372,1.8365,0.0309,0.2326,0.1784,0.162,0.3409,0.0651,0.7665,22.9103,0.801,1.2771,0.0082,1.4128,0.3973,0.0223,0.4865,0.101,0.5758,0.2408,2.242,4.6288,0.8666,0.2408,1.4951,0.3368,0.0023,2.1797,0.8484,0.446,0.0246,0.2663,0.2071,0.8106,0.4178,0.0,8.8069,2.2748,1.0163,0.0401,0.6113,0.041,1.5716,0.8971,0.051,0.0005
DNov_LD_quotes.txt,121557,3.9159,0.4725,0.3597,0.0288,0.4549,3.8632,3.85,0.4632,0.1431,0.5783,1.6231,0.1538,1.2924,0.6705,0.844,4.9425,0.2205,0.0288,0.0016,0.7124,0.2238,0.8375,0.7749,0.051,0.1111,0.0428,0.0,11.4588,2.9953,2.7074,0.4023,0.1695,0.3743,0.524,0.422,0.8449,0.3151,16.1463,0.7601,1.243,0.0058,2.134,0.7782,0.2262,0.2888,0.7906,6.7063,3.9751,0.9419,1.5499,0.5388,0.2624,1.7391,0.5462,0.023,2.185,0.5372,0.4771,0.0452,0.4895,0.2213,0.8819,0.5331,0.0,2.4885,1.0143,0.5602,0.4492,7.2353,0.1785,1.8979,2.2969,0.2016,0.0
DNov_MC_nonquotes.txt,207589,4.4536,0.58,0.4575,0.0101,0.4046,1.8826,4.8288,0.5328,0.1739,0.2958,0.146,0.0983,1.0357,0.0814,0.1277,8.2601,0.2018,0.0352,0.0,0.5376,0.2057,0.0593,0.607,0.0116,0.0742,0.0145,0.0,14.6477,5.0523,1.8994,0.0337,0.2327,0.2018,0.1243,0.2813,0.0337,0.7226,23.7228,0.8035,1.1147,0.0029,1.3069,0.4114,0.0198,0.5424,0.0462,0.1012,0.1291,1.1422,5.0797,1.1561,0.1999,1.5844,0.3093,0.001,2.4134,0.829,0.4268,0.0222,0.4808,0.1416,0.7317,0.447,0.0,9.2635,2.463,0.922,0.026,0.579,0.0217,1.5227,0.8396,0.026,0.0
DNov_MC_quotes.txt,132418,3.8661,0.545,0.366,0.0151,0.5097,4.0636,3.5841,0.5203,0.1367,0.651,2.4181,0.1178,1.3926,0.7114,0.9953,5.2546,0.2198,0.0287,0.0015,0.6389,0.3081,0.8458,0.7378,0.0551,0.1004,0.034,0.0,11.0937,3.2428,2.8251,0.3761,0.2031,0.3519,0.475,0.5347,0.8383,0.4259,16.7507,0.6902,1.1237,0.0098,1.8713,0.6223,0.2084,0.2877,0.8602,6.475,4.078,0.6517,2.1477,0.5362,0.2303,1.6682,0.4274,0.0279,1.9876,0.5128,0.4154,0.0408,0.4894,0.1488,0.7371,0.5581,0.0,2.4347,0.8926,0.4599,0.4289,7.5111,0.1775,2.0246,2.372,0.1692,0.0
DNov_NN_nonquotes.txt,195307,4.6459,0.5825,0.4799,0.0102,0.4583,1.5606,5.0351,0.683,0.1316,0.2622,0.1121,0.0952,0.9595,0.0737,0.1019,8.3535,0.2586,0.0246,0.0,0.5443,0.2422,0.0589,0.4808,0.0082,0.084,0.0092,0.0,14.2069,5.2656,1.6871,0.0297,0.2294,0.1464,0.1505,0.2473,0.0399,0.6451,24.9243,0.8848,1.1612,0.0031,0.9247,0.3308,0.0195,0.4967,0.0394,0.1178,0.0681,1.2068,4.1028,0.8602,0.193,1.6861,0.2903,0.0,2.5765,0.7081,0.4567,0.0128,0.5586,0.1101,0.7137,0.4055,0.0,9.3176,2.6809,1.0916,0.0184,0.5176,0.0154,1.8223,0.7711,0.0143,0.0
DNov_NN_quotes.txt,129645,3.9068,0.5175,0.3676,0.0154,0.5723,3.8328,4.1537,0.7652,0.1435,0.6726,2.2477,0.1126,1.6036,0.7528,1.0105,5.3762,0.2584,0.0239,0.0015,0.6024,0.2877,0.9503,0.7474,0.0293,0.1126,0.0332,0.0,10.4832,3.4271,2.5855,0.381,0.1921,0.29,0.5932,0.5415,0.9819,0.4505,16.7187,0.6711,1.0413,0.0039,1.8011,0.6657,0.1442,0.2623,0.7536,5.7557,3.7387,0.9256,2.1397,0.6587,0.2059,1.7054,0.5253,0.0224,2.0163,0.5052,0.415,0.0363,0.5561,0.2414,0.7096,0.6549,0.0,2.6981,0.7983,0.5245,0.3764,7.023,0.152,2.0579,2.2068,0.1705,0.0
DNov_OCS_nonquotes.txt,155302,4.453,0.6025,0.4519,0.0058,0.4037,1.7437,5.7192,0.5171,0.1539,0.2601,0.103,0.105,0.9839,0.0831,0.1165,8.9297,0.1906,0.0174,0.0006,0.4655,0.1906,0.0412,0.586,0.0058,0.0766,0.0116,0.0,14.3623,5.3412,1.9169,0.0245,0.1951,0.1565,0.1423,0.3001,0.0335,0.6342,22.2496,0.812,1.1101,0.0006,1.1346,0.4263,0.0116,0.4398,0.0721,0.2183,0.0541,1.7894,4.0424,1.3245,0.2569,1.5956,0.3033,0.0019,2.4765,0.8236,0.4456,0.0155,0.3722,0.1436,0.7044,0.4694,0.0,8.8492,2.734,0.9369,0.0193,0.6542,0.0155,1.8293,0.8094,0.0206,0.0006
DNov_OCS_quotes.txt,64847,3.8049,0.47,0.3636,0.0062,0.4966,4.2562,4.139,0.5922,0.1434,0.7587,3.0348,0.1064,1.5128,0.6677,1.0718,5.1475,0.2344,0.0432,0.0123,0.6045,0.3285,1.0409,0.9422,0.0432,0.0879,0.0524,0.0,10.039,3.2276,2.9392,0.3285,0.2144,0.2853,0.5181,0.5659,1.0532,0.3901,15.6368,0.5968,1.1257,0.0062,1.8783,0.8451,0.2267,0.2467,1.061,5.5161,4.2176,1.0286,1.9523,0.7371,0.3269,1.5976,0.4873,0.037,2.2021,0.5536,0.4025,0.0432,0.5413,0.2637,0.7896,0.6091,0.0,2.5367,0.7618,0.4071,0.532,7.6195,0.1958,2.0356,2.1111,0.1989,0.0
DNov_OMF_nonquotes.txt,177738,4.4974,0.4925,0.4703,0.0056,0.2914,1.5804,4.6732,0.5373,0.1553,0.3258,0.1446,0.117,0.8968,0.0776,0.1294,8.6251,0.1615,0.0411,0.0056,0.4135,0.1834,0.0343,0.6217,0.0129,0.0776,0.0158,0.0,14.6598,4.8166,1.7076,0.0332,0.1694,0.1845,0.1373,0.2656,0.067,0.7961,24.8264,0.7849,0.9559,0.0084,1.2924,0.3646,0.0146,0.5941,0.0782,0.2397,0.1643,2.0525,4.2973,0.8124,0.2419,1.3165,0.2543,0.0011,2.4851,0.9148,0.3646,0.0219,0.3702,0.1772,0.6358,0.382,0.0,8.2374,2.8306,1.1303,0.0326,1.4454,0.0293,1.2912,0.7292,0.0557,0.0
DNov_OMF_quotes.txt,153063,3.8408,0.46,0.3626,0.0124,0.345,3.6286,3.9271,0.4475,0.1209,0.5958,2.3598,0.1692,1.206,0.6605,1.0388,5.0613,0.1842,0.0425,0.002,0.5743,0.2633,0.5775,0.6716,0.0719,0.1039,0.0647,0.0007,11.46,2.8492,2.6721,0.4175,0.2006,0.3606,0.5122,0.522,0.8062,0.3561,16.3514,0.7552,1.1113,0.0242,2.1377,0.5664,0.1653,0.3129,0.7428,6.9168,4.4864,0.688,1.762,0.4462,0.2835,1.536,0.458,0.0216,1.9495,0.7454,0.4057,0.0399,0.5102,0.2332,0.765,0.5906,0.0,2.5408,1.0381,0.507,0.4423,7.2558,0.1699,1.8626,2.3461,0.2221,0.0
DNov_OT_nonquotes.txt,105695,4.5081,0.5525,0.4745,0.0151,0.3803,1.5005,4.6445,0.6055,0.1126,0.2441,0.1012,0.0804,0.8543,0.0833,0.0804,10.167,0.2327,0.0218,0.0019,0.422,0.2252,0.0303,0.4456,0.0047,0.0814,0.0104,0.0,14.1747,5.0088,1.6283,0.0284,0.1826,0.1249,0.1154,0.2309,0.0331,0.6717,24.1137,0.896,1.1022,0.0028,0.9263,0.4229,0.0085,0.491,0.0624,0.1126,0.0643,0.9272,4.6104,0.949,0.2611,1.4646,0.2167,0.0009,2.6066,0.8184,0.4617,0.0208,0.527,0.158,0.5847,0.3879,0.0,9.8368,2.7683,1.0634,0.018,0.5885,0.0151,1.7721,0.6708,0.0076,0.0
DNov_OT_quotes.txt,53493,3.7662,0.4625,0.3603,0.0243,0.3533,3.8547,3.6603,0.6337,0.1122,0.7141,2.9724,0.0935,1.5946,0.8599,1.0132,5.6774,0.2841,0.0262,0.0093,0.4487,0.2841,1.0955,0.7235,0.0374,0.0654,0.0991,0.0,10.4612,3.0677,2.6807,0.415,0.1982,0.286,0.4655,0.5795,1.0749,0.4954,15.8095,0.6786,1.1927,0.0093,1.9535,0.8824,0.1028,0.2898,0.6823,5.4306,3.9052,0.8543,2.3872,0.8169,0.2206,1.8358,0.5683,0.0187,1.9778,0.7534,0.3963,0.043,0.516,0.2879,0.6169,0.6244,0.0,2.7312,0.7141,0.4767,0.6225,6.9037,0.2019,2.0844,2.3181,0.114,0.0
DNov_PP_nonquotes.txt,195404,4.5625,0.575,0.4986,0.0097,0.4457,1.4769,4.4134,0.6684,0.0844,0.2114,0.3152,0.0629,0.8265,0.1105,0.1279,10.0198,0.1873,0.0215,0.0015,0.4007,0.2016,0.1648,0.456,0.0087,0.0773,0.0215,0.0,13.6773,5.5009,1.4984,0.0425,0.1648,0.108,0.1279,0.2088,0.0778,0.9079,27.4186,0.9253,0.98,0.0051,0.8009,0.4043,0.02,0.5783,0.1438,0.3465,0.2247,0.4263,3.9052,0.7364,0.2584,1.3705,0.241,0.0041,2.4201,0.6991,0.4509,0.0205,0.4616,0.1049,0.4749,0.3439,0.0,9.1344,2.1279,1.0998,0.0328,1.1013,0.0322,1.5609,0.6264,0.0225,0.0
DNov_PP_quotes.txt,108464,4.0012,0.49,0.4132,0.012,0.6039,3.4491,3.3071,0.7044,0.0894,0.4767,2.5465,0.0793,1.5618,0.791,0.8141,6.581,0.2157,0.0203,0.0074,0.4518,0.2545,1.1257,0.6214,0.0443,0.0894,0.0489,0.0018,10.68,3.9082,2.3953,0.3015,0.1595,0.2157,0.4084,0.4306,0.8159,0.7062,20.7378,0.6426,0.9174,0.0101,1.7047,0.7901,0.1521,0.3937,0.5578,5.0708,3.095,0.5818,2.2616,0.7984,0.2001,1.465,0.4333,0.0083,2.1436,0.7477,0.3762,0.0286,0.508,0.1484,0.5642,0.5596,0.0009,3.3347,0.8676,0.6131,0.3052,6.2104,0.1088,1.7084,1.89,0.1005,0.0009
DNov_TTC_nonquotes.txt,87594,4.4175,0.53,0.4438,0.0046,0.2397,1.8415,5.0529,0.8722,0.1575,0.2375,0.0594,0.0925,0.8779,0.0696,0.1085,9.6411,0.1815,0.0251,0.0023,0.419,0.2203,0.0205,0.621,0.0023,0.0628,0.0205,0.0,15.122,4.8496,1.8072,0.0148,0.2238,0.1062,0.1085,0.2169,0.0217,0.8311,23.6009,0.9476,1.225,0.0103,1.3722,0.4487,0.0057,0.4829,0.0605,0.0605,0.0263,1.2672,4.7206,1.1291,0.2078,1.5515,0.3105,0.0,2.2456,0.8836,0.3859,0.0194,0.1633,0.2888,0.5514,0.4213,0.0,9.06,2.0858,1.2547,0.0342,0.4178,0.0263,1.3939,0.8003,0.0514,0.0
DNov_TTC_quotes.txt,49534,3.9347,0.4675,0.3643,0.0242,0.2463,3.6641,3.7227,0.6662,0.1655,0.5673,0.8176,0.0828,1.502,0.5431,0.755,5.9676,0.1575,0.0303,0.0162,0.5108,0.3028,0.4361,0.6521,0.0424,0.0808,0.0121,0.004,12.0463,3.107,2.3237,0.3513,0.1837,0.3553,0.3775,0.3755,0.8136,0.3937,17.6041,0.9105,1.1891,0.002,2.1682,0.6965,0.0888,0.323,0.6763,6.434,3.6399,0.8903,1.8674,0.648,0.2221,1.5787,0.4058,0.0101,1.8109,0.4744,0.4482,0.0384,0.3735,0.2443,0.8358,0.5895,0.0,2.8687,0.9064,0.6279,0.539,6.7933,0.1716,1.7443,1.9482,0.1918,0.0
